Residue Name_Aspartate,Residue Name_Glutamate,Residue Name_Histidine,Residue Name_Lysine,Residue Name_Cysteine,Residue Name_Tyrosine,atom_label,recalculated_x,recalculated_y,recalculated_z,Dipole_X,Dipole_Y,Dipole_Z,Perm_Charge,Perm_DipX,Perm_DipY,Perm_DipZ,Perm_QuadXX,Perm_QuadXY,Perm_QuadYY,Perm_QuadXZ,Perm_QuadYZ,Perm_QuadZZ,Number of H-Bonds as donor,Number of H-Bonds as acceptor,SASA_Value,is_protonated,pH,Radius_11A_N_Count,Radius_11A_CA_C_Count,Radius_11A_O_Count,Radius_11A_S_Count,Expt. pKa
0.0,1.0,0.0,0.0,0.0,0.0,2,1.5413529770951269,-5.551115123125783e-17,-2.7755575615628914e-17,-0.07529303805460401,-0.08666516038192656,0.012872354686715333,0.8101,0.08660714,-0.02271804,0.087632,-0.03586167,0.0654324,-0.02957073,-0.05118458,0.03444153,0.03600709,0.0,0.0,0.0,0.0,6.45,0.3061224489795918,0.28125,0.25,0.0,3.9
0.0,1.0,0.0,0.0,0.0,0.0,1,0.0,0.0,0.0,-0.15911938527683792,0.01765269239422802,0.023047877857492335,-0.17302,0.03097303,-0.07514787,-0.10524236,-0.07371713,-0.06071365,0.13443078,-0.03563939,0.06319063,-0.03713992,0.0,0.0,0.0,0.0,6.45,0.32653061224489793,0.3645833333333333,0.29166666666666663,0.0,3.9
0.0,1.0,0.0,0.0,0.0,0.0,5,-0.5894516139400368,0.21724501179558753,1.4318384684291066,-0.015909435226326374,0.0680787526978813,0.08654283941821789,-0.10324,0.1728265,-0.01372463,-0.06773233,0.07148704,-0.20049572,0.12900868,-0.02970398,-0.0317285,-0.0292501,0.0,0.0,0.0,0.0,6.45,0.36734693877551017,0.32291666666666663,0.3125,0.0,3.9
0.0,1.0,0.0,0.0,0.0,0.0,5,-0.8091378279558352,1.9097165878585842,3.382905338526144,0.05030194765388601,-0.059360476574528434,-0.0946121050833966,1.05691,-0.00315315,0.00132819,0.00305663,0.0,0.0,0.0,0.0,0.0,0.0,0.0,0.0,0.04277016967535019,0.0,6.45,0.3469387755102041,0.34375,0.3125,0.0,3.9
0.0,1.0,0.0,0.0,0.0,0.0,5,-0.03861542481474772,1.4551419099379712,2.16627142133862,0.03265469188300921,-0.10784236237482525,-0.11908528954926934,-0.35416,0.01861235,-0.00350582,-0.09940131,-0.07252925,-0.0160589,0.08858815,0.02367871,0.04170372,-0.01982261,0.0,0.0,0.0,0.0,6.45,0.32653061224489793,0.34375,0.3125,0.0,3.9
0.0,1.0,0.0,0.0,0.0,0.0,4,-1.1406595543828506,-1.7897104503683239,-0.04096687488115003,-0.029741777698704945,-0.03762806559927933,0.026603089439832903,0.12044,-0.07113992,-0.00466589,-0.01683848,-0.00539486,0.0071129,-0.00171804,0.0051504,-0.03043074,-0.00186077,0.0,0.0,0.0,0.0,6.45,0.0,0.0,0.0,0.0,3.9
0.0,1.0,0.0,0.0,0.0,0.0,4,-0.26447348923817154,0.8959101225180433,-0.6143621292526888,-0.009300720064145918,0.061779602605113046,-0.03982928873384516,0.08514,-0.02693169,-0.01655596,0.00381452,-0.00069436,-0.00456122,0.00525557,-0.00647466,-0.00699556,0.00211757,0.0,0.0,0.0,0.0,6.45,0.0,0.0,0.0,0.0,3.9
0.0,1.0,0.0,0.0,0.0,0.0,7,-0.42715459066413053,-0.6850309990521679,2.0687714919758857,-0.0035248947909643793,-0.013115474911388935,0.00040604322425031973,0.06492,-0.05352504,-0.05722866,-0.01065455,-0.00932325,0.00672131,0.00260194,-0.03455441,-0.0389523,-0.03270124,0.0,0.0,0.02566157467663288,0.0,6.45,0.0,0.0,0.0,0.0,3.9
0.0,1.0,0.0,0.0,0.0,0.0,7,-1.695108802997276,0.3281728375077566,1.3384886008940236,-0.007584108697821387,-0.006824748376763519,-0.0019116105768680384,0.06492,-0.03368583,0.07152005,0.00192802,0.01306462,-0.02983628,0.01677166,0.03647513,-0.02072129,0.03767226,0.0,0.0,0.0,0.0,6.45,0.0,0.0,0.0,0.0,3.9
0.0,1.0,0.0,0.0,0.0,0.0,7,0.0031271227756568543,2.30709618341015,1.4485573587530012,0.014706510959430446,0.015488859459102786,-0.03020018635403124,0.0642,0.02197178,0.04443172,0.04040048,-0.03140468,-0.0171694,0.04857408,-0.05450179,-0.06160883,0.04040814,0.0,0.0,0.0,0.0,6.45,0.0,0.0,0.0,0.0,3.9
0.0,1.0,0.0,0.0,0.0,0.0,7,1.0168767461388986,1.2660179728625747,2.4755421982973562,0.037943556634393596,-0.00722132199678043,-0.002558092104397498,0.0642,-0.01380318,-0.04984594,0.03760305,0.03167378,-0.07836113,0.04668735,0.0171403,-0.07241571,0.00442997,0.0,0.0,0.10176141560077667,0.0,6.45,0.0,0.0,0.0,0.0,3.9
0.0,1.0,0.0,0.0,0.0,0.0,0,-0.6173031188438031,-1.1498252595470952,-0.6558229425486484,-0.046367300762406506,-0.01157472350998726,0.049121618316470265,-0.15418,0.01589075,-0.04770206,0.23244276,0.07074231,-0.28376816,0.21302585,0.01986666,0.11239263,-0.09778566,1.0,0.0,0.0,0.0,6.45,0.3469387755102041,0.3645833333333333,0.35416666666666663,0.0,3.9
0.0,1.0,0.0,0.0,0.0,0.0,3,2.160943696542034,1.0757980016598165,1.1102230246251565e-16,-0.04913308285343293,-0.09144745843960544,-0.0120081319209707,-0.75149,0.05602707,-0.00535011,0.06239235,0.06966662,-0.11577018,0.04610355,0.03608738,0.01236395,-0.07587137,0.0,1.0,0.0,0.0,6.45,0.2857142857142857,0.3020833333333333,0.29166666666666663,0.0,3.9
0.0,1.0,0.0,0.0,0.0,0.0,8,-1.764757353066794,1.2321367728800052,3.821557726597041,-0.024613984761297655,-0.06199481402678956,-0.00973280484202706,-0.89737,-0.0395851,0.00938303,-0.03594145,0.0,0.0,0.0,0.0,0.0,0.0,0.0,0.0,0.16518326103687286,0.0,6.45,0.36734693877551017,0.34375,0.29166666666666663,0.0,3.9
0.0,1.0,0.0,0.0,0.0,0.0,8,-0.48533918649176544,3.0092281736343103,3.8989225015459112,0.04863460679933122,-0.13002674243770151,-0.06557615558910634,-0.89737,0.03137016,-0.00592266,0.04390495,0.0,0.0,0.0,0.0,0.0,0.0,0.0,2.0,0.06250177323818207,0.0,6.45,0.3469387755102041,0.34375,0.3333333333333333,0.0,3.9
