Residue Name_Aspartate,Residue Name_Glutamate,Residue Name_Histidine,Residue Name_Lysine,atom_label,recalculated_x,recalculated_y,recalculated_z,Dipole_X,Dipole_Y,Dipole_Z,Number of H-Bonds as donor,Number of H-Bonds as acceptor,SASA_Value,Radius_11A_N_Count,Radius_11A_CA_C_Count,Radius_11A_O_Count,Radius_11A_S_Count,Expt.pKa
0.0,1.0,0.0,0.0,2,1.5459915911802375,-5.551115123125783e-17,0.0,-0.07652215265911368,-0.09101455801730673,0.005676692936887183,0.0,0.0,0.0025158922653645277,0.36170212765957444,0.36170212765957444,0.3829787234042553,0.2727272727272727,3.7
0.0,1.0,0.0,0.0,1,0.0,0.0,0.0,-0.12726301688342265,0.030430264818233948,-0.027528871790212017,0.0,0.0,0.0,0.36170212765957444,0.3723404255319149,0.3829787234042553,0.2727272727272727,3.7
0.0,1.0,0.0,0.0,5,-0.4180113292250456,0.43068051434865184,-1.43755863296072,-0.0751046739467442,-0.004195395264046348,-0.07697361922193448,0.0,0.0,0.0,0.3829787234042553,0.3723404255319149,0.36170212765957444,0.2727272727272727,3.7
0.0,1.0,0.0,0.0,5,-2.1901509809733826,1.1969941620421247,-3.1003013815721863,-0.0068421923769486845,-0.05843953994941098,0.12083378053863175,0.0,0.0,0.0,0.3829787234042553,0.36170212765957444,0.36170212765957444,0.2727272727272727,3.7
0.0,1.0,0.0,0.0,5,-1.9194981505265074,0.4629300311541701,-1.8001248946617334,0.08158023376680582,-0.062175344673257436,0.1169306160992999,0.0,0.0,0.0025158922653645277,0.40425531914893614,0.3723404255319149,0.36170212765957444,0.2727272727272727,3.7
0.0,1.0,0.0,0.0,4,-1.0063573494680251,1.729269133513195,0.6634660119781679,-0.019117255616789643,0.034582304774250366,-0.00868891429160655,0.0,0.0,0.0,0.0,0.0,0.0,0.0,3.7
0.0,1.0,0.0,0.0,4,-0.3993883301322676,-1.0149619832503491,0.22599808475001532,-0.021175723391229927,-0.06911645856828856,0.01649962231249757,0.0,0.0,0.05928708612918854,0.0,0.0,0.0,0.0,3.7
0.0,1.0,0.0,0.0,7,0.10521079217243867,-0.21455275567947873,-2.1843589000530095,0.018106086708162834,-0.004334219715891316,-0.004611769229077713,0.0,0.0,0.0,0.0,0.0,0.0,0.0,3.7
0.0,1.0,0.0,0.0,7,-0.005005848701988724,1.450776341802317,-1.6003252630466944,0.010020017326338757,-0.005485799125265183,-0.003205697795318651,0.0,0.0,0.0,0.0,0.0,0.0,0.0,3.7
0.0,1.0,0.0,0.0,7,-2.493687560782174,0.9531238604444309,-0.9829960609543427,-0.01773584139553275,0.022521563793812163,0.0268477565299981,0.0,0.0,0.01592787355184555,0.0,0.0,0.0,0.0,3.7
0.0,1.0,0.0,0.0,7,-2.3172254108220125,-0.5750240859793974,-1.8720573431346375,-0.010387854922121492,-0.034060607772407,0.013844854291858916,0.0,0.0,0.13715669512748718,0.0,0.0,0.0,0.0,3.7
0.0,1.0,0.0,0.0,0,-0.5067142696435731,0.908462106301042,1.0278128479225468,-0.033921845881428186,0.029565825730121103,-0.03467274393399147,1.0,0.0,0.0034174644388258457,0.3829787234042553,0.39361702127659576,0.3829787234042553,0.2727272727272727,3.7
0.0,1.0,0.0,0.0,3,2.1624807140430593,1.0779787388403483,0.0,-0.007158225971689629,-0.09136398879759869,0.012998358937569395,0.0,1.0,0.02901868149638176,0.44680851063829785,0.4574468085106383,0.46808510638297873,0.36363636363636365,3.7
0.0,1.0,0.0,0.0,8,-3.364371468559694,1.3619316993361448,-3.500011095394534,-0.056551906885376715,-0.05442491919750485,0.0704642012516579,0.0,1.0,0.10379759222269058,0.3404255319148936,0.35106382978723405,0.3404255319148936,0.2727272727272727,3.7
0.0,1.0,0.0,0.0,8,-1.2300953063710955,1.6534550378793398,-3.7678270893122514,0.05121378960383309,-0.10918831065069844,0.05077341202481657,0.0,1.0,0.0022322062868624926,0.40425531914893614,0.4148936170212766,0.36170212765957444,0.2727272727272727,3.7
