Residue Name_Aspartate,Residue Name_Glutamate,Residue Name_Histidine,Residue Name_Lysine,atom_label,recalculated_x,recalculated_y,recalculated_z,Dipole_X,Dipole_Y,Dipole_Z,Number of H-Bonds as donor,Number of H-Bonds as acceptor,SASA_Value,Radius_9A_N_Count,Radius_9A_CA_C_Count,Radius_9A_O_Count,Radius_9A_S_Count,Expt.pKa
0.0,1.0,0.0,0.0,2,1.5389337217697194,1.457167719820518e-16,5.551115123125783e-17,-0.06771201728568839,-0.0743800074744414,-0.0001521438824833854,0.0,0.0,0.006289730779826641,0.3333333333333333,0.33928571428571425,0.3,0.125,6.0
0.0,1.0,0.0,0.0,1,0.0,0.0,0.0,-0.1454039787124008,0.025669226780541884,0.027079317485285744,0.0,0.0,0.0,0.36666666666666664,0.30357142857142855,0.36666666666666664,0.125,6.0
0.0,1.0,0.0,0.0,5,-0.5289954911533316,-0.1192946860502011,1.4664786218079087,-0.007456875281674578,0.04527086756309604,0.09898390775182736,0.0,0.0,0.0,0.26666666666666666,0.30357142857142855,0.36666666666666664,0.25,6.0
0.0,1.0,0.0,0.0,5,-0.4613921899011113,0.7297935462660017,3.900950221026504,0.06010585916177703,0.03962108871370425,-0.11101349498143505,0.0,0.0,0.0,0.4,0.39285714285714285,0.3333333333333333,0.25,6.0
0.0,1.0,0.0,0.0,5,0.03486829825152926,0.8986398428232901,2.481194799822771,0.01120145444611916,-0.032411465439549855,-0.1441660514812294,0.0,0.0,0.0025158922653645277,0.3,0.39285714285714285,0.4,0.25,6.0
0.0,1.0,0.0,0.0,4,-0.9642163135483218,-1.8415641010536121,-0.3153499047056938,-0.010968228684071806,-0.035360551859782,0.013671703691660817,0.0,0.0,0.0,0.0,0.0,0.0,0.0,6.0
0.0,1.0,0.0,0.0,4,-0.28400573320167777,1.0028230996996816,-0.40477595558196927,-0.00604417271414618,0.0736240549665921,-0.029905754518593817,0.0,0.0,0.061941731721162796,0.0,0.0,0.0,0.0,6.0
0.0,1.0,0.0,0.0,7,-0.3083037256824719,-1.1450315360724581,1.8508756290280166,0.0002457960239931629,-0.012947351198318966,0.0017317248436392934,0.0,0.0,0.0,0.0,0.0,0.0,0.0,6.0
0.0,1.0,0.0,0.0,7,-1.6428803685532094,-0.0317879569776936,1.456780567008514,-0.008379837648349164,-0.009245534253795984,-0.00987111761022505,0.0,0.0,0.0,0.0,0.0,0.0,0.0,6.0
0.0,1.0,0.0,0.0,7,-0.2037950014113241,1.9328604912294822,2.1407869858638113,0.002359525130051947,0.0321815440228641,-0.02262526772686045,0.0,0.0,0.11945905536413193,0.0,0.0,0.0,0.0,6.0
0.0,1.0,0.0,0.0,7,1.1471351722476362,0.8420035034436113,2.5100344612736025,0.03664987368990785,0.007688750142562075,-0.011807327195112861,0.0,0.0,0.05751732364296913,0.0,0.0,0.0,0.0,6.0
0.0,1.0,0.0,0.0,0,-0.647559401618672,-1.0122035337876887,-0.834393688592492,-0.029051196239034634,-0.018983266820939496,0.050913354754044814,1.0,0.0,0.0,0.36666666666666664,0.39285714285714285,0.4,0.25,6.0
0.0,1.0,0.0,0.0,3,2.1463218027359963,1.0770760043284318,0.0,-0.024274609953338824,-0.04923728823325031,-0.0075118321554460375,0.0,0.0,0.29465124011039734,0.3,0.2857142857142857,0.26666666666666666,0.125,6.0
0.0,1.0,0.0,0.0,8,-1.2122620835513553,-0.23045213006887866,4.192004586892819,-0.018335659886347114,-0.0334196434362353,-0.10540724614059983,0.0,1.0,0.0,0.4666666666666667,0.42857142857142855,0.43333333333333335,0.25,6.0
0.0,1.0,0.0,0.0,8,-0.11616094798054438,1.540525244837936,4.786036941372398,0.052750995875667464,0.07433261296721363,-0.04512938198111556,0.0,0.0,0.07031449675559998,0.5,0.4821428571428571,0.36666666666666664,0.25,6.0
