Residue Name_Aspartate,Residue Name_Glutamate,Residue Name_Histidine,Residue Name_Lysine,atom_label,recalculated_x,recalculated_y,recalculated_z,Dipole_X,Dipole_Y,Dipole_Z,atomic_charge,PermDipole_X,PermDipole_Y,PermDipole_Z,Dipole_norm,Dipole_align_z,Dipole_field_proj,PermDipole_norm,PermDipole_align_z,PermDipole_field_proj,Number of H-Bonds as donor,Number of H-Bonds as acceptor,SASA_Value,x_lab,y_lab,z_lab,Dipole_lab_X,Dipole_lab_Y,Dipole_lab_Z,PermDipole_lab_X,PermDipole_lab_Y,PermDipole_lab_Z,Radius_8A_N_Count,Radius_8A_CA_C_Count,Radius_8A_O_Count,Radius_8A_S_Count,Expt.pKa
1.0,0.0,0.0,0.0,2,1.5474256040275407,-3.469446951953614e-18,-9.020562075079397e-17,-0.0721373364053586,-0.06738086876177854,-0.015578671945891309,0.8101,0.07831836864697694,0.0977880768928693,-1.4144066013153933e-05,0.09993333677181805,-0.15589064119276574,0.034490906941186686,0.12528477581088654,-0.00011289532923380857,-0.04504558719637051,0.0,0.0,0.028932761400938034,9.659,4.988,39.467,0.08435728,0.02512054,-0.04732314,-0.09110594,-0.02818722,0.08124939,0.25,0.25,0.2272727272727273,0.0,1.6
1.0,0.0,0.0,0.0,1,0.0,0.0,0.0,-0.14751214147283645,0.04741495760721324,0.031251009241075,-0.17302,0.06380295024396074,-0.11665202040895367,0.0019939772057694163,0.1580652892490369,0.19770949959695483,-0.037987848911031054,0.13297551004008745,0.014995070935755781,0.01856906620805692,0.0,0.0,0.0012579461326822639,10.637,6.187,39.488,0.05281207,0.14686242,0.02503898,0.00802866,-0.08713907,-0.10012397,0.20833333333333331,0.20454545454545456,0.18181818181818182,0.0,1.6
1.0,0.0,0.0,0.0,5,-0.4681872899830242,0.8589400512545131,1.2157321456016728,-0.0679386066938369,0.10024324842172991,-0.09549115521086696,-0.33682,0.036247594290808774,-0.07980473318890108,-0.19226051121587878,0.15421713217780442,-0.6191993967360939,-0.024849416682116286,0.21129786488323493,-0.9099027636749837,-0.03440644254380752,0.0,0.0,0.01006356906145811,9.78,7.489,39.561,0.06212082,0.03461392,0.13684226,0.13556955,-0.15799513,0.03612788,0.20833333333333331,0.18181818181818182,0.18181818181818182,0.0,1.6
1.0,0.0,0.0,0.0,5,-0.006315650958961581,0.3589488877061948,2.5604229745429654,-0.05579781529094005,0.055068846682533736,-0.11067261211018845,1.01811,-0.027197759097729774,0.027921579594656343,-0.07163921300330098,0.13562596041126676,-0.8160134813024676,0.05364354752447663,0.08155678725116139,-0.8783967026886633,0.03252853140013774,0.0,0.0,0.03396454453468323,8.83,7.688,38.408,0.083505,0.00202769,0.10685132,0.051703,-0.00816716,0.06254284,0.20833333333333331,0.2272727272727273,0.18181818181818182,0.0,1.6
1.0,0.0,0.0,0.0,4,-0.6953109714609886,-1.7206491140101248,0.9692436635965866,0.00596135983273794,-0.0075574776781439645,0.05294852707630378,0.12044,-0.006387681381433335,-0.02985447756850831,0.06658904869835297,0.053816352528400696,0.9838743167954584,-0.0026691167822763514,0.07325430847991742,0.9090120442077246,0.00019603051928452492,0.0,0.0,0.0008848818833939731,11.181,6.675,37.526,-0.03484293,0.02134041,-0.03502509,-0.02638313,0.03083228,-0.06098766,0.0,0.0,0.0,0.0,1.6
1.0,0.0,0.0,0.0,4,-0.2977784513844702,0.5138018468555383,-0.9456836976806298,-0.014894472890982254,0.03208610135549946,-0.07799976489432586,0.08514,0.001120784653870278,-0.001411219338790565,0.0317917995018664,0.08564652092447013,-0.9107172603439692,0.00595473286906494,0.031842836146131835,0.9983972330846655,-0.0022847337473011924,0.0,0.0,0.13804157078266144,11.219,6.08,40.435,0.04627412,-0.01973612,0.06931463,-0.02069739,0.01575762,-0.01836523,0.0,0.0,0.0,0.0,1.6
1.0,0.0,0.0,0.0,7,-1.5820088498137774,0.9252669061124851,1.2230315415245503,-0.03911871387706639,0.005952729308232268,-0.02075690010018899,0.04965,-0.07353913909257938,-0.003888683323510689,0.02424419000550676,0.0446828564819003,-0.4645383427668058,0.006955431947212651,0.07753004311550071,0.31270703628255275,0.015162751305299356,0.0,0.0,0.21414141356945038,10.451,8.378,39.628,0.03563334,0.02112779,0.01674632,0.03243147,0.06872476,-0.01536277,0.0,0.0,0.0,0.0,1.6
1.0,0.0,0.0,0.0,7,-0.11374763319275331,1.906699368236923,1.0676310201132075,0.007799696482070848,0.029215800031732762,-0.034877463708983716,0.04965,0.0342602737617985,0.06834751513170877,0.012874699022224281,0.04616097606721613,-0.7555616600957004,0.005871034178083832,0.07753003971252305,0.1660607819880259,0.01513042856718258,0.0,0.0,0.12299858033657074,9.206,7.483,40.518,0.00522485,-0.01508666,0.043312,-0.0590785,0.00309527,0.05011045,0.0,0.0,0.0,0.0,1.6
1.0,0.0,0.0,0.0,0,-0.6188756328623825,-1.3286213202857151,0.02250196283503103,-0.02289132640548549,0.0018772571077909118,0.05372977858324814,-0.15418,0.10321431370548606,0.20968499587892964,0.04400735131273613,0.05843309015836917,0.9195094498275925,-0.006716384564338214,0.23781850016347297,0.18504595429912354,-0.0755277318113181,1.0,0.0,0.0,11.579,6.237,38.366,-0.02112872,0.04725264,-0.02711441,-0.18297161,0.01338774,0.15132679,0.20833333333333331,0.2272727272727273,0.2272727272727273,0.0,1.6
1.0,0.0,0.0,0.0,3,2.1577677087089047,1.076776446275238,0.0,-0.025818097927303593,-0.05079353593902798,-0.011606404173224161,-0.75149,0.04374281884946452,0.07174278845525202,-1.3446958366421236e-05,0.05814865511433089,-0.1995988411151358,0.025427009333325236,0.08402655578478033,-0.0001600322450543293,-0.03766338309119159,0.0,0.0,0.14955781400203705,8.815,4.873,40.365,0.0454509,-0.00311973,-0.03613515,-0.05816972,-0.0100538,0.05979688,0.25,0.2727272727272727,0.2727272727272727,0.0,1.6
1.0,0.0,0.0,0.0,8,0.18835865145398953,-0.8694397235394891,2.7113379696293887,-0.04040003413882207,0.014812116387444453,-0.017938216651253565,-0.85879,0.02036257567277479,-0.03263502023508476,0.04950677867857117,0.04661910731578309,-0.38478249979661255,0.012043429907575415,0.06269449871322763,0.7896510809508388,-0.022630597161044444,0.0,3.0,0.0011161031434312463,9.132,7.21,37.29,0.0308473,0.02658108,0.02269871,-0.03104327,-4.5e-06,-0.0544694,0.25,0.2727272727272727,0.3181818181818182,0.0,1.6
1.0,0.0,0.0,0.0,8,0.21114100681132658,1.1659112324205976,3.496341441186513,-0.08318594250021794,0.049243019857004286,-0.013974186834843583,-0.85879,0.020622422891893723,-0.009440719869599733,0.05844817762891879,0.0976731996608179,-0.14307084116595598,-0.004315458788083771,0.06269450522757158,0.9322695412741632,-0.018983879325699903,0.0,2.0,0.16629937291145325,7.743,8.291,38.579,0.04066842,0.0733093,0.05011866,-0.0468693,0.0123118,-0.039778,0.25,0.25,0.2727272727272727,0.0,1.6
