Residue Name_Aspartate,Residue Name_Glutamate,Residue Name_Histidine,Residue Name_Lysine,atom_label,recalculated_x,recalculated_y,recalculated_z,Dipole_X,Dipole_Y,Dipole_Z,Number of H-Bonds as donor,Number of H-Bonds as acceptor,SASA_Value,Radius_7A_N_Count,Radius_7A_CA_C_Count,Radius_7A_O_Count,Radius_7A_S_Count,Expt.pKa
0.0,0.0,1.0,0.0,0,-0.5827204644371701,-1.0837365265022987,-0.7663269546680842,0.0,0.0,0.0,0.0,0.0,0.026200558990240097,0.47058823529411764,0.46875,0.4375,0.0,7.9
0.0,0.0,1.0,0.0,1,0.0,0.0,0.0,0.0,0.0,0.0,0.0,0.0,0.049059897661209106,0.47058823529411764,0.46875,0.4375,0.0,7.9
0.0,0.0,1.0,0.0,2,1.529544703498397,0.0,1.6653345369377348e-16,0.0,0.0,0.0,0.0,0.0,0.0,0.47058823529411764,0.5,0.5,0.0,7.9
0.0,0.0,1.0,0.0,3,2.1269008957758837,1.0750881729178048,2.8189256484623115e-16,0.0,0.0,0.0,0.0,0.0,0.020089857280254364,0.3529411764705882,0.4375,0.5,0.0,7.9
0.0,0.0,1.0,0.0,5,-0.5254413278420682,-0.051965383437723,1.460902806458983,0.0,0.0,0.0,0.0,0.0,0.021385084837675095,0.47058823529411764,0.375,0.375,0.0,7.9
0.0,0.0,1.0,0.0,5,-0.17114570067894386,1.0984586881624319,2.3596263813450604,0.0,0.0,0.0,0.0,0.0,0.0,0.3529411764705882,0.375,0.375,0.0,7.9
0.0,0.0,1.0,0.0,6,-0.6879537404779779,2.3648780545829347,2.1745522384882805,0.0,0.0,0.0,0.0,0.0,0.12075040489435196,0.23529411764705882,0.3125,0.25,0.0,7.9
0.0,0.0,1.0,0.0,5,0.605758692688624,1.1497096936169506,3.488691879004992,0.0,0.0,0.0,0.0,0.0,0.28555378317832947,0.1764705882352941,0.21875,0.3125,0.0,7.9
0.0,0.0,1.0,0.0,5,-0.2675162086234708,3.1753037097328605,3.163649068572628,0.0,0.0,0.0,0.0,0.0,0.14340585470199585,0.23529411764705882,0.25,0.1875,0.0,7.9
0.0,0.0,1.0,0.0,6,0.5141346952471224,2.4361550262628326,3.970289687561537,0.0,0.0,0.0,0.0,0.0,0.2506140470504761,0.1764705882352941,0.125,0.125,0.0,7.9
