Residue Name_Aspartate,Residue Name_Glutamate,Residue Name_Histidine,Residue Name_Lysine,Residue Name_Cysteine,Residue Name_Tyrosine,atom_label,recalculated_x,recalculated_y,recalculated_z,Dipole_X,Dipole_Y,Dipole_Z,Perm_Charge,Perm_DipX,Perm_DipY,Perm_DipZ,Perm_QuadXX,Perm_QuadXY,Perm_QuadYY,Perm_QuadXZ,Perm_QuadYZ,Perm_QuadZZ,Number of H-Bonds as donor,Number of H-Bonds as acceptor,SASA_Value,is_protonated,pH,Radius_7A_N_Count,Radius_7A_CA_C_Count,Radius_7A_O_Count,Radius_7A_S_Count,Expt. pKa
0.0,0.0,0.0,1.0,0.0,0.0,2,1.538842747001786,-2.220446049250313e-16,0.0,-0.06843092005025891,-0.07329263477138356,0.029416947743942573,0.8101,-0.0072138,0.05351875,0.11304857,0.07910703,-0.06825215,-0.01085489,0.02971506,0.01543362,0.04105239,0.0,0.0,0.0,1.0,,0.5294117647058824,0.5333333333333333,0.6,0.3333333333333333,10.3
0.0,0.0,0.0,1.0,0.0,0.0,1,0.0,0.0,0.0,-0.1407662374937578,0.017469020427831085,0.028008272585534275,-0.17302,0.09801661,0.07132488,-0.05466252,-0.06830108,-0.0818929,0.15019397,0.02619635,-0.010387,-0.04979556,0.0,0.0,0.0,1.0,,0.47058823529411764,0.5333333333333333,0.6,0.3333333333333333,10.3
0.0,0.0,0.0,1.0,0.0,0.0,5,-0.5459654676456821,-0.14288575571992201,1.4543652804405012,-0.030107840505645994,0.0014732362594354759,0.06897112767600924,-0.08975,-0.00602186,0.14967636,0.08650115,-0.18447653,0.15060441,0.03387212,0.03403839,-0.04527642,-0.06782909,0.0,0.0,0.0,1.0,,0.47058823529411764,0.6333333333333333,0.4666666666666667,0.3333333333333333,10.3
0.0,0.0,0.0,1.0,0.0,0.0,5,-0.7436731285439588,2.346427563310206,2.2262984903241887,0.0802771146958895,-0.042586781417198245,-0.007272858326956429,-0.02245,-0.03839398,-0.16995907,-0.12130023,0.14750035,-0.04392487,-0.10357548,0.06109534,-0.01442362,0.08324093,0.0,0.0,0.0012579461326822639,1.0,,0.23529411764705882,0.36666666666666664,0.4,0.16666666666666666,10.3
0.0,0.0,0.0,1.0,0.0,0.0,5,-2.1984234624306738,2.4525341166088235,2.743329307010752,-0.0014457834592486972,0.052391484470531505,-0.010351479441274064,-0.01637,-0.03224749,0.08612755,0.07634866,0.23311761,-0.11022158,-0.12289603,-0.0149267,-0.11846844,0.09849218,0.0,0.0,0.008805623278021812,1.0,,0.23529411764705882,0.16666666666666666,0.3333333333333333,0.16666666666666666,10.3
0.0,0.0,0.0,1.0,0.0,0.0,5,-0.09311607718148851,0.9595793083703535,2.4481958555470618,0.014765595200854954,-0.01651449151473775,0.010282594675223954,-0.21565,-0.12123634,0.08331121,-0.11075353,0.07146473,-0.13593827,0.06447354,-0.04944567,-0.09457143,-0.05666964,0.0,0.0,0.0,1.0,,0.5882352941176471,0.5,0.6,0.3333333333333333,10.3
0.0,0.0,0.0,1.0,0.0,0.0,4,-1.055875269364423,-1.7880304872480484,-0.4154977643936411,-0.022507172527850113,-0.032853478467782624,0.017430465019678397,0.12044,0.01613288,-0.05521634,-0.04535505,0.00494832,0.02076192,-0.02571025,0.00020944,0.00793689,-0.01939138,0.0,0.0,0.0,1.0,,0.0,0.0,0.0,0.0,10.3
0.0,0.0,0.0,1.0,0.0,0.0,4,-0.2925048715191939,1.0004287755634638,-0.39656167888756894,-0.008176266369331258,0.06660891848301842,-0.02487739920870244,0.08514,0.01744557,-0.02614289,-0.00511544,-0.00439831,0.00591378,-0.00151547,0.00842465,0.00028725,-0.00452023,0.0,0.0,0.01858251914381981,1.0,,0.0,0.0,0.0,0.0,10.3
0.0,0.0,0.0,1.0,0.0,0.0,7,-0.21869875960730886,-1.1306959208992367,1.8587618424661214,0.008576505120951592,-0.011597716331704045,0.01704248199526455,0.08202,0.04330436,-0.03051273,0.00367413,-0.00604061,0.01340779,-0.00736718,0.00641776,0.01970633,-0.00268807,0.0,0.0,0.0,1.0,,0.0,0.0,0.0,0.0,10.3
0.0,0.0,0.0,1.0,0.0,0.0,7,-1.659929193529892,-0.1933751938648401,1.439244630653501,0.0005405730193164628,0.002557255237805271,-0.003828535524310123,0.08202,-0.04364786,-0.02692481,-0.01377362,0.00689427,0.01430253,-0.0211968,-0.0040409,-0.01401844,-0.00291117,0.0,0.0,0.03716503828763962,1.0,,0.0,0.0,0.0,0.0,10.3
0.0,0.0,0.0,1.0,0.0,0.0,7,-0.6895525888317215,2.63614107791599,1.1528796314270586,0.0036500112704456102,0.003219666117612142,-0.0009007508162196536,0.07982,-0.00790478,0.03010387,-0.02155448,0.01296481,-0.04328263,0.03031782,0.01615649,0.00296841,-0.01139133,0.0,0.0,0.007963936775922775,1.0,,0.0,0.0,0.0,0.0,10.3
0.0,0.0,0.0,1.0,0.0,0.0,7,-0.12285790758565152,3.1051537158969476,2.763160750878427,0.018567623082780697,0.0074927670194308935,0.0029031095586832386,0.07982,0.00412282,-0.01609998,0.03401643,0.01773571,0.02458013,-0.04231585,-0.00184007,0.00612956,-0.02200649,0.0,0.0,0.026546455919742584,1.0,,0.0,0.0,0.0,0.0,10.3
0.0,0.0,0.0,1.0,0.0,0.0,7,-2.244284548716131,2.2051700687104026,3.8275326037093116,-0.010228585299354023,0.021305875522646015,-0.015293786774290144,0.09822,0.00902508,-0.03197916,0.03356708,-0.00152567,0.02261306,-0.02108739,-0.00436862,-0.008175,0.03121987,0.0,0.0,0.04070456698536873,1.0,,0.0,0.0,0.0,0.0,10.3
0.0,0.0,0.0,1.0,0.0,0.0,7,-2.8584551661111948,1.7274426246787755,2.217547528639492,-0.00431872297084835,0.029212332815928325,0.007676277311125732,0.09822,-0.00777211,0.02557182,-0.03894283,-0.00318261,-0.00641791,0.00960053,0.00270649,-0.00819685,0.03732983,0.0,0.0,0.15308456122875214,1.0,,0.0,0.0,0.0,0.0,10.3
0.0,0.0,0.0,1.0,0.0,0.0,7,1.0171143237666962,1.0735091870844102,2.4046362464277182,0.018573860991117148,0.01136362282377976,0.005975851956711147,0.08265,0.03911408,0.00686154,0.03562393,-0.01441256,0.02447821,-0.01006565,0.0017833,-0.01860747,0.00288629,0.0,0.0,0.0,1.0,,0.0,0.0,0.0,0.0,10.3
0.0,0.0,0.0,1.0,0.0,0.0,7,-0.3008897438689728,0.6242522885221334,3.490069117124951,0.00554234262507793,-0.003186903627707363,0.00443783989256597,0.08265,0.02073002,-0.04671625,0.01529427,0.0025951,-0.00853185,0.00593675,0.0209032,-0.00196821,0.01771035,0.0,0.0,0.0,1.0,,0.0,0.0,0.0,0.0,10.3
0.0,0.0,0.0,1.0,0.0,0.0,7,-3.70719361098784,3.835962620941652,2.9157219177056923,0.016152352544422238,-0.0022976560374411794,-0.0054773161845475486,0.20727,-0.03366177,-0.0529472,-0.03360516,0.05830131,-0.02661585,-0.03168546,0.02944715,0.0039553,-0.00944732,0.0,0.0,0.2751982510089874,1.0,,0.0,0.0,0.0,0.0,10.3
0.0,0.0,0.0,1.0,0.0,0.0,7,-2.798228089510565,4.055586536336728,1.588113158864414,-0.0006850847379006103,-0.004351510710243362,0.01755206037826138,0.20727,-0.00622057,0.06583632,-0.0263194,0.01813543,0.01133542,-0.02947085,-0.0523701,0.00261877,0.01073752,0.0,0.0,0.22918440401554108,1.0,,0.0,0.0,0.0,0.0,10.3
0.0,0.0,0.0,1.0,0.0,0.0,7,-2.2288905131357213,4.494420101488222,3.051352656084212,-0.010034477629429994,-0.011644605124341026,-0.007837691113838289,0.20727,0.0160515,-0.00868774,0.06879462,-0.01015981,-0.02399553,0.03415534,0.00024704,-0.05034877,0.00835949,0.0,0.0,0.23272393643856049,1.0,,0.0,0.0,0.0,0.0,10.3
0.0,0.0,0.0,1.0,0.0,0.0,0,-0.5798513212207792,-1.0085847643466856,-0.8904236173902017,-0.042325594981619245,-0.024987001069622462,0.05180796539549506,-0.15418,-0.01364823,-0.09844256,0.21605654,-0.28610048,0.01226221,0.27383826,-0.053548,-0.08018652,-0.01582298,0.0,0.0,0.005695773754268885,1.0,,0.47058823529411764,0.5,0.4666666666666667,0.3333333333333333,10.3
0.0,0.0,0.0,1.0,0.0,0.0,6,-2.760515984025407,3.78661495462959,2.5622317786093785,-0.007619373397863111,0.0010245229714961346,0.002838473253055712,0.1,0.09981026,-0.03882652,-0.05378901,0.09085328,-0.05448613,-0.03636715,-0.03530666,-0.06366917,0.01488911,0.0,0.0,0.01025239285081625,1.0,,0.058823529411764705,0.1,0.13333333333333333,0.0,10.3
0.0,0.0,0.0,1.0,0.0,0.0,3,2.1536287619102352,1.0698411825467276,0.0,-0.043719163079580056,-0.06320478680228665,0.010787796998334445,-0.75149,-0.01541351,0.03420982,0.0751836,-0.14743258,0.07256931,0.07486327,-0.03244379,-0.00640398,-0.00229914,0.0,1.0,0.0,1.0,,0.47058823529411764,0.43333333333333335,0.6666666666666666,0.16666666666666666,10.3
