True_pKa,Predicted_pKa,fold
3.7799999713897705,3.7850658893585205,1
2.130000114440918,3.653735637664795,1
6.489999771118164,6.545973300933838,1
2.609999895095825,3.6462669372558594,1
3.4000000953674316,3.719287395477295,1
4.25,4.282463550567627,1
6.800000190734863,6.645440101623535,1
4.099999904632568,3.594545364379883,1
3.799999952316284,3.6663613319396973,1
4.210000038146973,4.770369529724121,1
3.9000000953674316,3.6113169193267822,1
6.800000190734863,7.327367782592773,1
4.900000095367432,4.904817581176758,1
10.100000381469727,9.951234817504883,1
6.349999904632568,6.274016380310059,1
4.400000095367432,4.638744831085205,1
3.4000000953674316,3.780714988708496,1
4.300000190734863,4.479295253753662,1
4.400000095367432,4.236721992492676,1
4.0,3.742473602294922,1
4.5,4.6468729972839355,1
7.900000095367432,7.118790149688721,1
3.200000047683716,4.887270927429199,1
7.0,7.139528751373291,1
4.050000190734863,4.056564807891846,1
7.699999809265137,9.948640823364258,1
10.5,9.885457992553711,1
3.799999952316284,4.43554162979126,1
4.5,4.45782995223999,1
3.799999952316284,3.700277805328369,1
4.400000095367432,4.567684173583984,1
0.5,3.6838653087615967,1
6.699999809265137,6.445808410644531,2
5.599999904632568,4.388367652893066,2
10.100000381469727,10.593213081359863,2
4.150000095367432,4.615862846374512,2
3.869999885559082,3.4083173274993896,2
4.099999904632568,5.350272178649902,2
4.400000095367432,4.038712501525879,2
3.799999952316284,3.31976056098938,2
11.100000381469727,10.835009574890137,2
3.7899999618530273,3.940821886062622,2
4.320000171661377,4.841670989990234,2
4.28000020980835,3.9049956798553467,2
10.699999809265137,10.000016212463379,2
4.199999809265137,4.6847381591796875,2
4.0,4.1827287673950195,2
5.599999904632568,6.288200855255127,2
3.4000000953674316,3.3864424228668213,2
2.9000000953674316,3.9031224250793457,2
6.519999980926514,6.387176990509033,2
3.0999999046325684,3.8083417415618896,2
3.0,3.2413218021392822,2
4.599999904632568,4.631734848022461,2
5.840000152587891,5.989960670471191,2
9.100000381469727,7.709354877471924,2
8.699999809265137,5.787206172943115,2
4.400000095367432,4.441506385803223,2
10.640000343322754,10.637499809265137,2
5.920000076293945,6.161823272705078,2
6.5,10.263439178466797,2
5.5,6.808549880981445,2
3.049999952316284,3.2956628799438477,2
2.799999952316284,3.369986057281494,2
5.510000228881836,6.689585208892822,3
7.099999904632568,7.123902320861816,3
2.490000009536743,3.7882120609283447,3
10.800000190734863,9.439162254333496,3
6.300000190734863,7.137266635894775,3
4.300000190734863,3.622771978378296,3
5.099999904632568,4.785808086395264,3
4.0,3.639324426651001,3
3.5999999046325684,3.5190889835357666,3
4.199999809265137,3.5663669109344482,3
3.200000047683716,3.275739908218384,3
5.840000152587891,7.055301189422607,3
4.199999809265137,4.218446254730225,3
4.599999904632568,4.606512546539307,3
8.270000457763672,7.019861698150635,3
7.119999885559082,6.24891996383667,3
8.399999618530273,8.963095664978027,3
3.799999952316284,4.5013861656188965,3
4.300000190734863,4.274223804473877,3
5.869999885559082,6.761336803436279,3
6.940000057220459,6.69623327255249,3
3.5999999046325684,3.7802364826202393,3
6.340000152587891,6.975099086761475,3
4.199999809265137,4.273584842681885,3
2.799999952316284,6.775568008422852,3
3.190000057220459,3.4142792224884033,3
5.599999904632568,10.703160285949707,3
10.399999618530273,9.77600383758545,3
10.300000190734863,9.98849868774414,3
4.260000228881836,3.8142712116241455,3
7.440000057220459,7.083840370178223,3
7.980000019073486,7.081478118896484,4
5.599999904632568,3.730408191680908,4
7.099999904632568,4.610700607299805,4
5.400000095367432,4.967529296875,4
10.600000381469727,10.877081871032715,4
3.569999933242798,3.968998432159424,4
4.599999904632568,4.345749855041504,4
8.329999923706055,6.37845516204834,4
9.1899995803833,7.046648025512695,4
3.569999933242798,3.822201728820801,4
4.210000038146973,3.9558396339416504,4
5.5,5.767606735229492,4
4.099999904632568,3.8620808124542236,4
3.9000000953674316,4.533632755279541,4
4.25,3.4232873916625977,4
5.599999904632568,6.009309768676758,4
3.130000114440918,3.643001079559326,4
10.899999618530273,10.06462574005127,4
4.400000095367432,4.311366081237793,4
4.0,4.084449291229248,4
8.899999618530273,8.416792869567871,4
2.700000047683716,2.6209239959716797,4
3.799999952316284,3.99654221534729,4
3.200000047683716,3.130918025970459,4
7.5,7.539865493774414,4
6.199999809265137,5.3677544593811035,4
2.6600000858306885,2.6426846981048584,4
10.600000381469727,9.931071281433105,4
5.179999828338623,5.7572150230407715,4
4.0,4.471161365509033,4
3.5199999809265137,3.0426511764526367,4
6.059999942779541,4.577354907989502,5
3.0,2.9744555950164795,5
4.420000076293945,4.406006336212158,5
2.990000009536743,3.5582969188690186,5
4.239999771118164,3.704383134841919,5
4.300000190734863,4.369090557098389,5
2.9000000953674316,3.403468132019043,5
3.9000000953674316,3.5993854999542236,5
3.200000047683716,3.1676242351531982,5
6.5,8.308183670043945,5
5.019999980926514,4.372049808502197,5
3.4700000286102295,3.9583163261413574,5
3.0899999141693115,3.637939691543579,5
4.0,3.6067824363708496,5
4.400000095367432,4.35142707824707,5
5.300000190734863,6.8400654792785645,5
3.9000000953674316,4.444852352142334,5
3.5999999046325684,3.2576239109039307,5
3.5999999046325684,3.4978525638580322,5
7.199999809265137,4.362029552459717,5
4.0,3.422295093536377,5
7.099999904632568,6.641720771789551,5
4.300000190734863,4.382643222808838,5
4.300000190734863,4.198465347290039,5
3.200000047683716,3.441667079925537,5
2.8499999046325684,4.245302200317383,5
2.069999933242798,3.493489980697632,5
7.079999923706055,6.824286937713623,5
2.75,4.200794219970703,5
5.610000133514404,4.5653252601623535,5
3.9600000381469727,4.393597602844238,5
6.880000114440918,7.317666530609131,6
9.399999618530273,9.442178726196289,6
10.600000381469727,9.707497596740723,6
3.5299999713897705,2.990652322769165,6
3.9200000762939453,4.827439308166504,6
4.300000190734863,4.8299455642700195,6
6.900000095367432,6.760695457458496,6
4.0,3.9255547523498535,6
9.899999618530273,3.904240846633911,6
4.800000190734863,4.372876167297363,6
3.700000047683716,4.140231609344482,6
10.100000381469727,9.742382049560547,6
3.440000057220459,4.32643461227417,6
3.7200000286102295,3.6401686668395996,6
4.139999866485596,3.836249589920044,6
3.009999990463257,3.2338953018188477,6
6.0,6.246718883514404,6
3.700000047683716,4.242160797119141,6
5.730000019073486,5.656332969665527,6
5.860000133514404,6.983487129211426,6
5.619999885559082,5.823772430419922,6
7.900000095367432,6.123682975769043,6
3.5999999046325684,3.667598247528076,6
3.5999999046325684,3.783712387084961,6
4.5,4.0742011070251465,6
3.9000000953674316,3.348726511001587,6
2.5999999046325684,3.7473256587982178,6
2.990000009536743,3.396760940551758,6
10.90999984741211,9.447426795959473,6
4.050000190734863,4.643902778625488,6
5.300000190734863,4.364654064178467,6
3.3499999046325684,3.297804594039917,7
2.680000066757202,4.190090656280518,7
5.550000190734863,6.009594440460205,7
10.600000381469727,9.465568542480469,7
3.799999952316284,3.9748528003692627,7
3.5799999237060547,3.383122682571411,7
3.9000000953674316,3.322946310043335,7
1.3600000143051147,3.650575876235962,7
6.510000228881836,6.813284397125244,7
9.199999809265137,9.970540046691895,7
3.5999999046325684,3.4750616550445557,7
7.369999885559082,3.561523675918579,7
2.9000000953674316,3.417008876800537,7
3.5,3.427107334136963,7
3.5999999046325684,3.3895678520202637,7
2.5,3.412278413772583,7
6.559999942779541,6.815221309661865,7
4.099999904632568,3.4789435863494873,7
4.400000095367432,4.291275978088379,7
3.880000114440918,3.5403573513031006,7
3.25,7.34463357925415,7
10.800000190734863,10.015854835510254,7
1.600000023841858,3.186763048171997,7
0.8999999761581421,3.307203769683838,7
3.4000000953674316,3.360121726989746,7
3.700000047683716,4.37639856338501,7
7.769999980926514,6.407273769378662,7
6.670000076293945,6.893677711486816,7
6.0,7.014051914215088,7
3.619999885559082,4.143790245056152,7
3.9000000953674316,3.4706428050994873,7
6.260000228881836,6.203629016876221,8
5.5,4.544618129730225,8
2.509999990463257,3.9603471755981445,8
4.159999847412109,4.3344197273254395,8
6.730000019073486,3.978700876235962,8
4.139999866485596,3.5957083702087402,8
7.300000190734863,6.690450191497803,8
3.9000000953674316,3.9599130153656006,8
3.049999952316284,3.214815855026245,8
4.400000095367432,4.1549601554870605,8
4.239999771118164,3.253278970718384,8
3.4000000953674316,3.1998472213745117,8
2.299999952316284,2.8997557163238525,8
2.390000104904175,3.2409210205078125,8
3.4200000762939453,3.975132942199707,8
3.799999952316284,3.5458545684814453,8
3.5999999046325684,3.368278741836548,8
6.789999961853027,5.857205390930176,8
4.300000190734863,4.054725170135498,8
0.5,3.698106527328491,8
6.099999904632568,3.983281135559082,8
3.200000047683716,3.7519032955169678,8
3.799999952316284,3.2872672080993652,8
6.0,6.398768901824951,8
3.4000000953674316,3.937217950820923,8
3.680000066757202,2.9934842586517334,8
3.0,3.663231611251831,8
6.309999942779541,6.452151298522949,8
6.079999923706055,6.136101245880127,8
3.5399999618530273,3.781431198120117,8
5.360000133514404,4.412065505981445,8
2.680000066757202,3.652681589126587,9
5.5,4.238007545471191,9
3.700000047683716,4.057802200317383,9
3.180000066757202,4.392524242401123,9
6.599999904632568,6.1279778480529785,9
4.900000095367432,4.451952934265137,9
4.300000190734863,4.485536098480225,9
7.599999904632568,5.918417453765869,9
3.799999952316284,3.1445915699005127,9
2.799999952316284,3.4015185832977295,9
5.300000190734863,4.572137355804443,9
4.599999904632568,4.949229717254639,9
10.399999618530273,10.385567665100098,9
4.869999885559082,4.581387042999268,9
4.699999809265137,4.385969161987305,9
6.800000190734863,7.050122261047363,9
4.5,5.120631694793701,9
7.800000190734863,6.678211212158203,9
4.099999904632568,4.604880332946777,9
4.099999904632568,3.9860994815826416,9
4.400000095367432,4.371407985687256,9
6.199999809265137,10.338151931762695,9
5.800000190734863,7.01270055770874,9
3.200000047683716,2.874300241470337,9
10.600000381469727,9.686734199523926,9
6.199999809265137,5.025984287261963,9
10.600000381469727,10.875506401062012,9
10.800000190734863,10.011759757995605,9
3.5,4.930823802947998,9
7.570000171661377,7.091174602508545,9
4.21999979019165,3.9671969413757324,9
7.300000190734863,6.170953750610352,10
5.599999904632568,6.492880344390869,10
3.700000047683716,3.3628885746002197,10
5.800000190734863,6.559305667877197,10
4.599999904632568,3.9509520530700684,10
7.699999809265137,6.662246227264404,10
4.039999961853027,4.1095194816589355,10
4.099999904632568,4.797787666320801,10
2.2899999618530273,2.8248255252838135,10
9.5,10.86622142791748,10
10.0,10.115622520446777,10
4.400000095367432,4.158105373382568,10
6.0,4.102848529815674,10
3.700000047683716,4.244941711425781,10
4.5,4.369672775268555,10
4.199999809265137,4.03290319442749,10
3.0999999046325684,2.8625328540802,10
3.299999952316284,4.628282070159912,10
3.799999952316284,4.102274417877197,10
3.4000000953674316,3.330540418624878,10
3.5999999046325684,3.5685174465179443,10
2.700000047683716,3.2826945781707764,10
10.399999618530273,10.14672565460205,10
4.570000171661377,7.671714782714844,10
6.789999961853027,6.657865524291992,10
5.400000095367432,5.248720645904541,10
10.800000190734863,10.731722831726074,10
10.600000381469727,10.527737617492676,10
3.4000000953674316,3.9068028926849365,10
3.2699999809265137,3.7911460399627686,10
7.309999942779541,6.7740373611450195,10
