Residue Name_Aspartate,Residue Name_Glutamate,Residue Name_Histidine,Residue Name_Lysine,atom_label,recalculated_x,recalculated_y,recalculated_z,Dipole_X,Dipole_Y,Dipole_Z,Number of H-Bonds as donor,Number of H-Bonds as acceptor,SASA_Value,Radius_10A_N_Count,Radius_10A_CA_C_Count,Radius_10A_O_Count,Radius_10A_S_Count,Expt.pKa
0.0,0.0,1.0,0.0,2,1.5359108047018872,0.0,2.7755575615628914e-17,-0.04759067460573493,-0.0701788368507064,0.024672999211370526,0.0,0.0,0.0,0.25,0.3287671232876712,0.38888888888888884,0.125,6.79
0.0,0.0,1.0,0.0,1,0.0,0.0,0.0,-0.1261643462672373,0.0062631674916551194,-0.019641778119783983,0.0,0.0,0.0012579461326822639,0.325,0.3561643835616438,0.4444444444444444,0.125,6.79
0.0,0.0,1.0,0.0,5,-0.5406557447593298,-0.31459187794260823,1.43124746846633,-0.027222662092096794,0.044907869270346325,0.07749319721017518,0.0,0.0,0.0,0.375,0.4794520547945205,0.4722222222222222,0.125,6.79
0.0,0.0,1.0,0.0,5,0.42900472995102934,0.7491122011924165,3.6420455587079497,0.0032105970704185173,0.044080439548248945,0.017702017635984064,0.0,0.0,0.0,0.375,0.4383561643835616,0.5,0.25,6.79
0.0,0.0,1.0,0.0,5,-0.31971127392082344,2.8125097683999147,3.3196795785110016,0.010271269771464357,-0.01915893566174042,0.0023291248873115013,0.0,0.0,0.0037738382816314697,0.35000000000000003,0.410958904109589,0.41666666666666663,0.25,6.79
0.0,0.0,1.0,0.0,5,-0.2644482991828647,0.7584794255145733,2.452300564394661,0.004508031364063438,0.047725474271225074,0.018322154413535928,0.0,0.0,0.0,0.375,0.4383561643835616,0.5,0.125,6.79
0.0,0.0,1.0,0.0,4,-1.0448315065479854,-1.7255335508903222,-0.6328262697427325,-0.03947210125380108,-0.0441849415868532,0.018106044391181783,0.0,0.0,0.0,0.0,0.0,0.0,0.0,6.79
0.0,0.0,1.0,0.0,4,-0.2924798748890841,1.0417437121320696,-0.27859389982223853,-0.0028848806235593806,0.07368888864792103,-0.027748557481381005,0.0,0.0,0.017697637900710106,0.0,0.0,0.0,0.0,6.79
0.0,0.0,1.0,0.0,7,-0.12542720541469965,-1.2769885355377246,1.806680463238333,-0.003063181029521545,0.021806828967880137,0.002720768952907098,0.0,0.0,0.0,0.0,0.0,0.0,0.0,6.79
0.0,0.0,1.0,0.0,7,-1.6481608126269656,-0.4538924450103764,1.4015679020594485,0.011272379507324605,0.009137097155707598,-0.0027307789919011065,0.0,0.0,0.008848818950355053,0.0,0.0,0.0,0.0,6.79
0.0,0.0,1.0,0.0,7,-1.2797969738753947,2.4007904380636806,1.495209342587647,0.0036129920585310834,0.00011998669948082383,0.014274910351614788,0.0,0.0,0.1592787355184555,0.0,0.0,0.0,0.0,6.79
0.0,0.0,1.0,0.0,7,0.9442358212210697,-0.06470684962957818,4.132531516822829,-0.0023348090585872464,0.012492376307529479,-0.0002307516450972397,0.0,0.0,0.10618582367897034,0.0,0.0,0.0,0.0,6.79
0.0,0.0,1.0,0.0,7,-0.4974696431986483,3.870400205180515,3.4216540160914044,0.006301867289668979,-0.02320767204842617,-0.016757470673621926,0.0,0.0,0.08848819136619568,0.0,0.0,0.0,0.0,6.79
0.0,0.0,1.0,0.0,7,0.8022516647632827,2.3345075314584407,5.040437267931064,-0.005390335620177442,0.026184213724229896,0.021467610008526733,0.0,0.0,0.021237164735794067,0.0,0.0,0.0,0.0,6.79
0.0,0.0,1.0,0.0,0,-0.5719720164157012,-0.8905726026683325,-1.0051300671126646,-0.046780929563123935,-0.0382832676008546,0.040738503391494325,1.0,0.0,0.0034174644388258457,0.325,0.3972602739726027,0.38888888888888884,0.125,6.79
0.0,0.0,1.0,0.0,6,-0.72421588323672,2.0476555736601334,2.2871351088482403,0.005159299573739286,0.018206681283684384,0.013714249144242296,0.0,0.0,0.0,0.375,0.4246575342465753,0.4444444444444444,0.125,6.79
0.0,0.0,1.0,0.0,6,0.3774490017423402,2.02107637490796,4.156133243517659,0.002453556357871604,0.013749424713249112,0.002424590001101719,1.0,0.0,0.0,0.35000000000000003,0.4246575342465753,0.41666666666666663,0.25,6.79
0.0,0.0,1.0,0.0,3,2.1512837789049373,1.0692871937045223,0.0,-0.021131430751474896,-0.043923255759366606,0.005165685751368328,0.0,0.0,0.0,0.25,0.2876712328767123,0.3333333333333333,0.125,6.79
