Residue Name_Aspartate,Residue Name_Glutamate,Residue Name_Histidine,Residue Name_Lysine,atom_label,recalculated_x,recalculated_y,recalculated_z,Dipole_X,Dipole_Y,Dipole_Z,Number of H-Bonds as donor,Number of H-Bonds as acceptor,SASA_Value,Radius_8A_N_Count,Radius_8A_CA_C_Count,Radius_8A_O_Count,Radius_8A_S_Count,Expt.pKa
0.0,0.0,1.0,0.0,2,1.547493780278292,1.1102230246251565e-16,0.0,-0.07618417246807847,-0.08407123017663612,0.004561913011340794,0.0,0.0,0.01886919140815735,0.29166666666666663,0.34090909090909094,0.36363636363636365,0.0,5.5
0.0,0.0,1.0,0.0,1,0.0,0.0,0.0,-0.11742955300105966,0.026140790167394803,-0.008748594989028226,0.0,0.0,0.0,0.3333333333333333,0.36363636363636365,0.36363636363636365,0.0,5.5
0.0,0.0,1.0,0.0,5,-0.5224777057615023,0.8586829421622026,1.1897742020324127,-0.07078212475936525,0.061351108234098325,0.02251544842515031,0.0,0.0,0.0,0.41666666666666663,0.4545454545454546,0.4090909090909091,0.0,5.5
0.0,0.0,1.0,0.0,5,-2.432852427570306,2.6199964236272715,0.9677984324463311,-0.05800082029012023,-0.013328939418648884,-0.00726020807713291,0.0,0.0,0.05912346765398979,0.4583333333333333,0.4545454545454546,0.3181818181818182,0.0,5.5
0.0,0.0,1.0,0.0,5,-4.17847042902955,1.253502713320407,1.0188252163271105,0.011035789550591195,0.021007853111911053,-0.0026662545696221757,0.0,0.0,0.08931417763233185,0.375,0.36363636363636365,0.36363636363636365,0.0,5.5
0.0,0.0,1.0,0.0,5,-1.9461280157509944,1.3378975173341097,1.0923566173280268,-0.06273775145806439,-0.011492666539036633,-0.010601548939176107,0.0,0.0,0.0037738382816314697,0.4583333333333333,0.4090909090909091,0.4090909090909091,0.0,5.5
0.0,0.0,1.0,0.0,4,-0.7760851870978283,-1.74637243142464,0.8811016474433121,-0.01902775179148362,-0.023834798732338583,0.03311129338005391,0.0,0.0,0.0,0.0,0.0,0.0,0.0,5.5
0.0,0.0,1.0,0.0,4,-0.2543667735641639,0.5411750912898486,-0.9469509306579617,-0.016015852467945204,0.038891358613570695,-0.07953344611154639,0.0,0.0,0.09114283323287964,0.0,0.0,0.0,0.0,5.5
0.0,0.0,1.0,0.0,7,0.11030480521175723,1.77184790662703,1.2606335096801962,-0.009542328052100122,-0.0042940623999852,-0.011543719984326389,0.0,0.0,0.005309291183948517,0.0,0.0,0.0,0.0,5.5
0.0,0.0,1.0,0.0,7,-0.3835071956756243,0.326004378359284,2.158020939693495,-0.01058736818771162,0.008432900381311835,-0.01938764371571498,0.0,0.0,0.0,0.0,0.0,0.0,0.0,5.5
0.0,0.0,1.0,0.0,7,-3.0436406659760387,-0.5095995827350726,1.2112744369849344,0.005430314400674838,-0.02359401148090313,0.020489024828254626,0.0,0.0,0.0,0.0,0.0,0.0,0.0,5.5
0.0,0.0,1.0,0.0,7,-1.890871573954744,3.5529695421044165,0.9058394580102108,-0.007729708424320072,-0.015512377475689485,-0.003118134866810076,0.0,0.0,0.02566157467663288,0.0,0.0,0.0,0.0,5.5
0.0,0.0,1.0,0.0,7,-5.193710050682484,0.8883570008706785,1.0205913719230693,0.017049315865589665,0.008567788142949354,-0.00014405050291132777,0.0,0.0,0.1929042488336563,0.0,0.0,0.0,0.0,5.5
0.0,0.0,1.0,0.0,7,-4.436020414095286,3.3542575357399826,0.8674608173637646,-0.02721119498937644,0.0526855173492924,0.0010646131946127554,0.0,0.0,0.021237164735794067,0.0,0.0,0.0,0.0,5.5
0.0,0.0,1.0,0.0,0,-0.6408142072284582,-1.3079255894912287,-0.039291273435482,-0.016477272668207085,0.004186841734241876,0.05042890254124678,1.0,0.0,0.0,0.29166666666666663,0.3181818181818182,0.3181818181818182,0.0,5.5
0.0,0.0,1.0,0.0,6,-3.0522261609029444,0.5161561589285961,1.115006853028154,-0.022945863842899795,0.0016812044849707202,-0.003483689059491096,1.0,0.0,0.0,0.41666666666666663,0.38636363636363635,0.36363636363636365,0.0,5.5
0.0,0.0,1.0,0.0,6,-3.8011997689206543,2.54367961160009,0.9342827999527653,-0.02987249828667273,-0.003651655356877897,-0.003118205049530782,1.0,0.0,0.031896334141492844,0.41666666666666663,0.34090909090909094,0.2727272727272727,0.0,5.5
0.0,0.0,1.0,0.0,3,2.1548836205340454,1.0855632556208277,0.0,-0.08389406070934456,-0.08261348033197387,-0.004310683198505243,0.0,1.0,0.07254670560359955,0.29166666666666663,0.3181818181818182,0.36363636363636365,0.0,5.5
