Residue Name_Aspartate,Residue Name_Glutamate,Residue Name_Histidine,Residue Name_Lysine,atom_label,recalculated_x,recalculated_y,recalculated_z,Dipole_X,Dipole_Y,Dipole_Z,atomic_charge,PermDipole_X,PermDipole_Y,PermDipole_Z,Dipole_norm,Dipole_align_z,Dipole_field_proj,PermDipole_norm,PermDipole_align_z,PermDipole_field_proj,Number of H-Bonds as donor,Number of H-Bonds as acceptor,SASA_Value,x_lab,y_lab,z_lab,Dipole_lab_X,Dipole_lab_Y,Dipole_lab_Z,PermDipole_lab_X,PermDipole_lab_Y,PermDipole_lab_Z,Radius_11A_N_Count,Radius_11A_CA_C_Count,Radius_11A_O_Count,Radius_11A_S_Count,Expt.pKa
0.0,1.0,0.0,0.0,2,1.5310816438061015,3.122502256758253e-17,2.220446049250313e-16,-0.0717100056578722,-0.10854403267328888,-0.012412042304509839,0.8101,0.08122598998107337,0.09538665264912395,2.1334210639850637e-05,0.13068355189005615,-0.09497784629355703,0.04714845478876946,0.12528477723633707,0.00017028573710599975,-0.045519786022609095,0.0,0.0,0.012579461559653282,31.58,25.893,4.915,-0.11851217,0.03257365,-0.04440736,0.10836031,-0.04941655,0.0388886,0.40425531914893614,0.35106382978723405,0.3829787234042553,0.09090909090909091,3.9
0.0,1.0,0.0,0.0,1,0.0,0.0,0.0,-0.1346872484783806,0.04131053725262376,-0.037446102591724414,-0.17302,0.07814564279052402,0.049124715099497784,0.09572097866963336,0.1457718285200793,-0.256881614039481,-0.038036245967891166,0.13297550480529638,0.7198391824854408,0.020237763312636155,0.0,0.0,0.0,31.299,27.182,4.138,0.01875416,0.10281343,-0.10162237,0.05480417,-0.00800157,0.12089236,0.3404255319148936,0.3191489361702128,0.2978723404255319,0.09090909090909091,3.9
0.0,1.0,0.0,0.0,5,-0.5591439251220099,0.7231341085062755,-1.262523715465966,-0.08436821464261432,0.022097200808694636,-0.06450381123483005,-0.10324,0.015689299892777224,-0.09556619707641985,0.1589527546461001,0.10847591248466454,-0.5946371849506136,-0.011363742624299964,0.18613175538944962,0.8539797753130195,-0.0004127819936275111,0.0,0.0,0.0,32.006,27.163,2.749,0.01133249,0.04305658,-0.09891779,-0.10348375,0.04755077,0.14722455,0.2553191489361702,0.2127659574468085,0.23404255319148937,0.09090909090909091,3.9
0.0,1.0,0.0,0.0,5,-2.7270106835196057,1.1529432554578092,-2.632821790715105,0.03368443413101975,-0.03044612719660454,0.08702768855009635,1.05691,-0.0019666790939473497,0.0014084955440990283,-0.0038984294410035975,0.09816020750982243,0.8865882699095545,0.04232688697609513,0.004587966702451098,-0.8497074398820028,-0.001978848476549411,0.0,0.0,0.07925060391426086,32.139,28.386,0.458,-0.03061857,0.00925521,0.09280232,0.0013313,-2.032e-05,-0.00439052,0.1702127659574468,0.14893617021276595,0.14893617021276595,0.09090909090909091,3.9
0.0,1.0,0.0,0.0,5,-2.0973140217509307,0.6493876368345984,-1.3568222401233392,0.11603726063121644,-0.007618037529824397,0.08164641121574079,-0.35416,0.08999267013447998,-0.012548625450922552,0.044532929862322476,0.14208735628131203,0.5746212284652049,-0.02321122493489681,0.10118957713501622,0.44009404054434026,-0.016280830243827295,0.0,0.0,0.0012579461326822639,31.659,28.396,1.889,0.00729244,-0.05824005,0.12939758,0.00065468,-0.05591413,0.08433571,0.19148936170212766,0.23404255319148937,0.19148936170212766,0.09090909090909091,3.9
0.0,1.0,0.0,0.0,4,-0.26864798599341644,1.6476024444794721,1.2724104858759042,0.005971918798053274,0.03150695054274403,0.0015990641446920835,0.12044,0.011383740612729348,0.07220159280360654,0.004851218564030076,0.03210776779491686,0.04980303068422088,0.002604970197102376,0.07325430960204116,0.0662243435285192,0.006145005901619263,0.0,0.0,0.05928708612918854,32.762,28.374,5.057,0.03183671,0.00203591,0.00363149,0.0724398,0.00719861,0.00817614,0.0,0.0,0.0,0.0,3.9
0.0,1.0,0.0,0.0,4,-0.35283944666533856,-1.0605693218269499,-0.010537479604643324,-0.02003707285898665,-0.08183925525194802,0.0007984548539926506,0.08514,0.0013436338018434817,0.029058301136879374,-0.01295283241038341,0.08426022501218294,0.00947605888635123,0.0017306254934670291,0.03184283411077758,-0.40677385578563724,-0.0010356634636165226,0.0,0.0,0.0,30.196,27.263,3.976,-0.08392296,0.00100586,-0.00746395,0.02975389,-0.0018553,-0.01119062,0.0,0.0,0.0,0.0,3.9
0.0,1.0,0.0,0.0,7,-0.12241999031094208,0.24247395694395607,-2.170997173230819,0.010198757037660294,0.0032578024144823926,-0.006780863156742461,0.06492,0.02040835359525547,-0.03585297803743036,-0.0674657891582531,0.012673122221279963,-0.5350586097367886,0.0009107725673325452,0.07907951465055472,-0.8531386346562487,0.005268792058295557,0.0,0.0,0.11414976418018341,31.688,26.244,2.2,0.00560677,-0.01134095,-0.00074499,-0.02597695,-0.05815602,-0.04686838,0.0,0.0,0.0,0.0,3.9
0.0,1.0,0.0,0.0,7,-0.22086281379442146,1.7848092605565091,-1.2967839145033107,0.01664080979160807,0.005565571098156311,-0.00453444237883646,0.06492,0.013185614419498967,0.07790620071404301,-0.0032145782859261205,0.018123280604131802,-0.2501998660111616,0.001353530700333143,0.07907951726504658,-0.04064994826855088,0.007981839488210735,0.0,0.0,0.1123799979686737,33.111,27.072,2.865,0.00887016,-0.01517873,0.00440224,0.07900566,0.00276846,0.00200284,0.0,0.0,0.0,0.0,3.9
0.0,1.0,0.0,0.0,7,-2.5578466150665724,1.2033343473641123,-0.5053683233506798,-0.0076861386899954795,0.010142056108572004,0.03373143927275165,0.0642,-0.04329441701437749,0.04511413812687155,0.013395661042652445,0.03605201832744736,0.9356324787805572,0.008918619614661536,0.06394635046908384,0.2094828077660014,0.01270769119372972,0.0,0.0,0.08317890018224716,32.049,29.321,2.375,0.00582397,0.02541039,0.02490264,0.03518146,0.05213548,-0.01154523,0.0,0.0,0.0,0.0,3.9
0.0,1.0,0.0,0.0,7,-2.403760122713666,-0.41292796805472554,-1.2449725963449056,0.006478594913685869,-0.01325774515667324,0.008795353227811317,0.0642,-0.034262542655526335,-0.045915851011534864,-0.028406836444434858,0.01717842359172983,0.5120000203071976,0.0029767502211990775,0.06394634907573771,-0.4442292148812117,0.011929372419454987,0.0,0.0,0.0061941733583807945,30.553,28.499,1.856,-0.01250473,-0.00367606,0.01119002,-0.04899854,0.00546798,-0.04072321,0.0,0.0,0.0,0.0,3.9
0.0,1.0,0.0,0.0,0,-0.44179290029138507,0.6337644374972329,1.2339613733889503,0.00031240741598265,0.0492656428435808,-0.02321441928741221,-0.15418,0.0860934212968025,-0.0590427635320236,-0.21368087231690958,0.054462009015795586,-0.4262497786425642,-0.007198498997078716,0.23781850287604328,-0.8985039840583187,-0.07978278385279429,0.0,0.0,0.0,31.74,28.299,4.961,0.05018466,-0.00211989,-0.02105033,-0.02492943,-0.19142419,-0.13889904,0.3829787234042553,0.3404255319148936,0.3191489361702128,0.09090909090909091,3.9
0.0,1.0,0.0,0.0,3,2.1756860670859535,1.0601693909409284,1.1102230246251565e-16,-0.05167933585390196,-0.10874880041017353,-0.0013727896335385577,-0.75149,0.045882218805371786,0.07039377940531576,1.6655804758604342e-05,0.12041154386656663,-0.011400814153332394,0.043892325516181316,0.08402655805686736,0.00019822071906518,-0.031053848191577537,0.0,1.0,0.030134784057736397,32.737,25.561,5.216,-0.11592084,0.02120807,-0.02472886,0.07738739,-0.02463016,0.02156408,0.3829787234042553,0.35106382978723405,0.3191489361702128,0.09090909090909091,3.9
0.0,1.0,0.0,0.0,8,-3.9286970909317267,0.8628437402153291,-2.8421685114848163,0.0050860334140262215,0.002501786739961969,0.029511878550101813,-0.89737,-0.04875605666881968,-0.02162051181203459,0.010109843211871129,0.03005125036228609,0.9820516016577737,0.007184236900814724,0.054284514575301306,0.1862380697509445,-0.021176946123993935,0.0,1.0,0.2924190163612366,31.651,29.235,-0.325,0.00102054,0.01102224,0.02793826,-0.03094064,0.04182296,-0.01550243,0.1702127659574468,0.14893617021276595,0.14893617021276595,0.0,3.9
0.0,1.0,0.0,0.0,8,-2.0450744822570273,1.8118614568704061,-3.4476676787545246,0.06090851882214188,0.021033436158756125,0.002312056575371535,-0.89737,0.04389340019317136,0.02510304811674389,-0.019748811024169147,0.06447944406831839,0.035857265967147986,-0.016894755376448287,0.05428452028099539,-0.3638018890457628,-0.02300941749137929,0.0,0.0,0.4174225628376007,32.975,27.534,0.086,0.03160076,-0.04593823,0.03238317,0.03423231,-0.04187321,0.00464676,0.14893617021276595,0.13829787234042554,0.1276595744680851,0.0,3.9
