Residue Name_Aspartate,Residue Name_Glutamate,Residue Name_Histidine,Residue Name_Lysine,Residue Name_Cysteine,Residue Name_Tyrosine,atom_label,recalculated_x,recalculated_y,recalculated_z,Dipole_X,Dipole_Y,Dipole_Z,Perm_Charge,Perm_DipX,Perm_DipY,Perm_DipZ,Perm_QuadXX,Perm_QuadXY,Perm_QuadYY,Perm_QuadXZ,Perm_QuadYZ,Perm_QuadZZ,Number of H-Bonds as donor,Number of H-Bonds as acceptor,SASA_Value,is_protonated,pH,Radius_8A_N_Count,Radius_8A_CA_C_Count,Radius_8A_O_Count,Radius_8A_S_Count,Expt. pKa
0.0,0.0,0.0,1.0,0.0,0.0,2,1.5333293840528868,-2.7755575615628914e-17,-9.020562075079397e-17,-0.06935831780572706,-0.0768065612677314,0.01986336791041712,0.8101,0.09289654,-0.01472185,0.08276336,0.05244021,-0.07904363,0.02660342,-0.04084062,-0.03620908,0.02217371,0.0,0.0,0.0,1.0,3.94,0.3333333333333333,0.38636363636363635,0.4090909090909091,0.125,10.4
0.0,0.0,0.0,1.0,0.0,0.0,1,0.0,0.0,0.0,-0.14794159431055173,0.017949177234773288,0.013350023839125938,-0.17302,0.07819764,0.06079868,-0.08871942,-0.04010819,0.04654973,-0.00644154,-0.05796374,0.02674745,-0.11939369,0.0,0.0,0.0,1.0,3.94,0.375,0.38636363636363635,0.36363636363636365,0.125,10.4
0.0,0.0,0.0,1.0,0.0,0.0,5,-0.5507446793772994,-0.4251432645786556,1.3971107696675307,-0.030236454653634243,-0.0009471886938131266,0.06124716472780542,-0.08975,0.13644852,0.05294333,0.09219832,-0.03769614,0.12816491,-0.09046877,0.11364328,0.07878073,-0.06784196,0.0,0.0,0.0,1.0,3.94,0.3333333333333333,0.36363636363636365,0.2727272727272727,0.0,10.4
0.0,0.0,0.0,1.0,0.0,0.0,5,0.004886751716841211,-0.3365162798496363,3.926787225334959,0.04766400970339661,0.03596080292796523,-0.04585168148095074,-0.02245,-0.19203085,0.07336417,0.05306393,0.09823002,0.02755392,-0.12578394,0.08034444,0.01663962,0.0907164,0.0,0.0,0.0,1.0,3.94,0.25,0.25,0.2272727272727273,0.0,10.4
0.0,0.0,0.0,1.0,0.0,0.0,5,-1.3727122312340692,-0.6200588514183074,4.569559076212737,0.019847802048610978,-0.06755542560309065,0.05241341732848698,-0.01637,0.07148322,-0.06287194,-0.07227892,-0.0092278,0.02799132,-0.01876352,0.0938114,0.05201301,0.22943411,0.0,0.0,0.008805623278021812,1.0,3.94,0.16666666666666666,0.13636363636363635,0.13636363636363635,0.0,10.4
0.0,0.0,0.0,1.0,0.0,0.0,5,-0.06773234836567787,0.4435711832265109,2.5930184986605687,-0.0056804948112176845,0.005940768999052735,-0.0022504633386311633,-0.21565,-0.0757905,-0.00459379,-0.16774996,-0.14139314,0.16090578,-0.01951264,0.02295599,0.06902911,-0.00692779,0.0,0.0,0.0075476765632629395,1.0,3.94,0.29166666666666663,0.34090909090909094,0.2272727272727273,0.0,10.4
0.0,0.0,0.0,1.0,0.0,0.0,4,-1.2270592473920123,-1.5428535182022425,-0.772115680944707,-0.04127132321219329,-0.031960727996100724,0.012085049122818613,0.12044,-0.06112567,-0.00775505,-0.03961951,-0.00429633,0.01596475,-0.01166842,0.01965175,-0.01816926,0.00873434,0.0,0.0,0.0,1.0,3.94,0.0,0.0,0.0,0.0,10.4
0.0,0.0,0.0,1.0,0.0,0.0,4,-0.31125080166307206,1.0502834364489761,-0.21642005818550814,-0.011923718184852638,0.07542316125126813,-0.012513620558272452,0.08514,-0.0085386,-0.02003931,-0.0232268,0.00412443,0.00361016,-0.00773459,0.00628928,-0.00243968,-0.00541811,0.0,0.0,0.07521495968103409,1.0,3.94,0.0,0.0,0.0,0.0,10.4
0.0,0.0,0.0,1.0,0.0,0.0,7,-0.26546350981946154,-1.4901117620109523,1.5718183933492258,0.00459706623593729,-0.010807217373402154,0.0002162694981730337,0.08202,0.00676907,-0.0326506,-0.04132689,0.0159773,0.00925528,-0.02523258,0.00193643,-0.00302478,0.00838521,0.0,0.0,0.0,1.0,3.94,0.0,0.0,0.0,0.0,10.4
0.0,0.0,0.0,1.0,0.0,0.0,7,-1.666572770715168,-0.41789305525459647,1.3751311189412976,-0.0014587340288802968,0.0022483486336619843,-0.0015959905366251224,0.08202,-0.0487217,-0.00129327,0.02107884,-0.01106897,-0.0012147,0.01228367,0.01894035,-0.00477088,0.00728549,0.0,0.0,0.07167543470859528,1.0,3.94,0.0,0.0,0.0,0.0,10.4
0.0,0.0,0.0,1.0,0.0,0.0,7,0.6159224559459878,0.24779491782394059,4.65498691802266,0.0021780061836242787,0.0030389453086939675,0.005727539913388761,0.07982,0.00831433,-0.02201113,0.02965984,-0.00505716,-0.02321182,0.02826898,0.03114173,-0.01184231,0.00938779,0.0,0.0,0.18671007454395294,1.0,3.94,0.0,0.0,0.0,0.0,10.4
0.0,0.0,0.0,1.0,0.0,0.0,7,0.5711649493634182,-1.287482778031015,3.7747453817300363,0.01278599374922295,-0.017616111032626863,-0.003166764312258475,0.07982,0.00468261,0.00949035,-0.03635011,-0.00014409,0.01784287,-0.01769879,0.00746719,0.03154314,-0.02265792,0.0,0.0,0.0008848818833939731,1.0,3.94,0.0,0.0,0.0,0.0,10.4
0.0,0.0,0.0,1.0,0.0,0.0,7,-2.1184808911794493,-0.9341316317463539,3.8065136027969775,0.005750947762242781,-0.009356947253398175,0.029605560022613643,0.09822,-0.0092059,0.03375004,-0.03173411,0.01888844,0.00092928,-0.01981772,-0.01780754,-0.01156567,0.02671538,0.0,0.0,0.10264629870653152,1.0,3.94,0.0,0.0,0.0,0.0,10.4
0.0,0.0,0.0,1.0,0.0,0.0,7,-1.7713473884006112,0.3028910621940044,5.047086529280959,0.0018063554829159736,-0.02670572556006301,0.005568570232684226,0.09822,0.00325576,-0.02978514,0.03651182,0.01318661,-0.01844201,0.0052554,-0.00137255,-0.02488947,0.02544794,0.0,0.0,0.221220463514328,1.0,3.94,0.0,0.0,0.0,0.0,10.4
0.0,0.0,0.0,1.0,0.0,0.0,7,-0.7092872616354231,1.3505082610567236,2.6991383842439896,-0.004605720553879669,0.007311059832098288,0.0019585401774917257,0.08265,-0.00723602,0.00543561,0.05257519,0.02451153,0.00619774,-0.03070927,-0.00131631,-0.00274656,-0.00338243,0.0,0.0,0.1911344826221466,1.0,3.94,0.0,0.0,0.0,0.0,10.4
0.0,0.0,0.0,1.0,0.0,0.0,7,0.9558572445315179,0.8372680695038794,2.388482176585345,0.004055587634773645,0.008126764713798102,0.003260729500761626,0.08265,0.04670211,-0.00026664,0.02578562,-0.00852142,0.00665512,0.0018663,-0.00173343,-0.02733712,0.00115888,0.0,0.0,0.04335921257734299,1.0,3.94,0.0,0.0,0.0,0.0,10.4
0.0,0.0,0.0,1.0,0.0,0.0,7,-2.1776077825981512,-1.7781194621998582,6.071534033777138,0.02581359663595598,-0.004064562930256779,-0.01906267766209261,0.20727,-0.06842892,-0.00542109,0.01881282,0.01952296,0.00329301,-0.02281598,0.04490645,0.03049483,0.01117744,0.0,0.0,0.25573086738586426,1.0,3.94,0.0,0.0,0.0,0.0,10.4
0.0,0.0,0.0,1.0,0.0,0.0,7,-0.5701449467362688,-1.5414799764221154,6.254134650133525,-0.020567776876903723,-0.012587828933360612,-0.023725357858452922,0.20727,0.04713893,-0.04938162,0.02012969,-0.03112378,0.05471378,-0.02359,-0.01454842,-0.01581363,0.02840111,0.0,0.0,0.2194507122039795,1.0,3.94,0.0,0.0,0.0,0.0,10.4
0.0,0.0,0.0,1.0,0.0,0.0,7,-1.1386718458268115,-2.566524710600637,5.106186281110168,0.0007791767720790686,-0.08662926847193661,-0.0336253587293457,0.20727,0.01370189,0.03963321,-0.05750908,-0.025124,-0.03814552,0.06326953,-0.00511168,0.00690818,0.02022923,0.0,0.0,0.0,1.0,3.94,0.0,0.0,0.0,0.0,10.4
0.0,0.0,0.0,1.0,0.0,0.0,0,-0.5202006876641744,-0.8531733964365603,-1.0613064591184918,-0.0602478365971324,-0.02759282877423224,0.03985261840000649,-0.15418,0.02229612,-0.20086662,0.125352,-0.02619087,0.07579304,-0.04960217,0.00069344,0.20096997,-0.20786625,1.0,0.0,0.005695773754268885,1.0,3.94,0.3333333333333333,0.38636363636363635,0.4090909090909091,0.125,10.4
0.0,0.0,0.0,1.0,0.0,0.0,6,-1.3046159688876073,-1.6742654667691454,5.570715063661735,-0.001768032888559306,-0.03141844450157313,-0.0038959488881583136,0.1,0.01041186,0.0854705,0.08336205,-0.05215029,0.03509683,0.01705346,0.03188229,0.02864018,0.08852656,1.0,0.0,0.007974083535373211,1.0,3.94,0.125,0.11363636363636365,0.13636363636363635,0.0,10.4
0.0,0.0,0.0,1.0,0.0,0.0,3,2.1646066621557205,1.0621652405116078,-8.326672684688674e-17,-0.05277537475092743,-0.06830279896133054,0.009541326688560418,-0.75149,0.05511467,-0.00721782,0.06301379,-0.0201529,0.06414963,-0.04399672,0.03660365,0.10585974,-0.04034678,0.0,1.0,0.007812721654772758,1.0,3.94,0.375,0.38636363636363635,0.36363636363636365,0.0,10.4
