Residue Name_Aspartate,Residue Name_Glutamate,Residue Name_Histidine,Residue Name_Lysine,atom_label,recalculated_x,recalculated_y,recalculated_z,Dipole_X,Dipole_Y,Dipole_Z,atomic_charge,PermDipole_X,PermDipole_Y,PermDipole_Z,Dipole_norm,Dipole_align_z,Dipole_field_proj,PermDipole_norm,PermDipole_align_z,PermDipole_field_proj,Number of H-Bonds as donor,Number of H-Bonds as acceptor,SASA_Value,x_lab,y_lab,z_lab,Dipole_lab_X,Dipole_lab_Y,Dipole_lab_Z,PermDipole_lab_X,PermDipole_lab_Y,PermDipole_lab_Z,Radius_7A_N_Count,Radius_7A_CA_C_Count,Radius_7A_O_Count,Radius_7A_S_Count,Expt.pKa
0.0,0.0,0.0,1.0,2,1.5354588890621597,-1.1102230246251565e-16,0.0,-0.0689371626710578,-0.08357032349809143,0.02666936804169458,0.8101,0.0790627495824053,0.09718721712001462,-2.0152252739377013e-08,0.111568752607775,0.23903976174630143,0.043952879946642744,0.12528476979690467,-1.608515765487315e-07,-0.050175217281823406,0.0,0.0,0.0,7.042,17.449,19.128,-0.06616192,0.08923722,-0.01033951,0.09413457,-0.08262588,-0.00281429,0.47058823529411764,0.5333333333333333,0.6,0.16666666666666666,10.6
0.0,0.0,0.0,1.0,1,0.0,0.0,0.0,-0.14744287374458975,0.010421574289777052,0.018346337073994266,-0.17302,0.06947170422462662,-0.06089489353189892,-0.09564506638401216,0.14894495061187202,0.1231752872361685,-0.030548862926663728,0.13297550326935184,-0.7192683165881757,0.010368274522901353,0.0,0.0,0.0,5.939,17.697,18.089,-0.09127167,0.0287296,-0.11414329,-0.02896157,-0.03212777,0.12574386,0.47058823529411764,0.6,0.6,0.16666666666666666,10.6
0.0,0.0,0.0,1.0,5,-0.5569123381234193,-0.5421525252484973,1.3610441899558536,-0.030371266383096274,-0.009958869711956964,0.06608044528427809,-0.08975,0.10868823272235695,0.11831136436539799,-0.06411716454601299,0.07340448321881436,0.9002235611045206,0.0017322423959695455,0.17297896305542965,-0.37066452135839884,-0.009830045811343929,0.0,0.0,0.0,6.12,19.097,17.408,0.01268076,0.05674844,-0.0447999,0.08634646,-0.1459516,0.03411951,0.47058823529411764,0.4666666666666667,0.4,0.16666666666666666,10.6
0.0,0.0,0.0,1.0,5,-0.4053120565019612,1.6456735934754727,2.7585914087794277,-0.014800014544107974,-0.07363480922269414,-0.03989104869699757,-0.02245,0.11482109905116646,-0.02562940792744098,0.1767291054729105,0.08504364365380049,-0.4690656112923366,-0.010430522537806458,0.21230621295497712,0.8324255000035667,-0.0046582280508973405,0.0,0.0,0.0,7.88,18.445,15.608,-0.06205775,0.02834245,0.05077364,0.17513151,0.11938394,0.01226202,0.1764705882352941,0.3333333333333333,0.26666666666666666,0.0,10.6
0.0,0.0,0.0,1.0,5,0.14846636508727196,2.3261237207064696,4.034120743657092,-0.016230795189327463,0.06383395086150731,-0.01591575658762326,-0.01637,-0.05863742972955324,0.06621645329167293,-0.080399047808068,0.06776077997502464,-0.2348815434752893,0.005942455427771592,0.11952812949369115,-0.6726370449251576,0.00031996372531366973,0.0,0.0,0.0075476765632629395,9.279,18.729,15.009,0.00363526,-0.05402344,-0.04074035,-0.06331023,-0.09249139,-0.04152266,0.1764705882352941,0.1,0.06666666666666667,0.0,10.6
0.0,0.0,0.0,1.0,5,-0.007040891864321774,0.15478391547674442,2.6339397041981507,0.005000713802692526,-0.02198437677512255,0.013277379856478188,-0.21565,-0.10378436839643004,0.079058833730073,-0.12993790505809713,0.026165029649901028,0.5074475371950672,0.0005659265700050794,0.18413406389121026,-0.7056701096591601,-0.01306291434597548,0.0,0.0,0.0,7.521,19.368,16.798,0.00284619,0.0239726,0.01009071,-0.11953827,-0.12792937,-0.05700905,0.4117647058823529,0.3333333333333333,0.4,0.16666666666666666,10.6
0.0,0.0,0.0,1.0,4,-1.1580283996310983,-1.5184728647316246,-0.8909609333307358,-0.03784229871207424,-0.034901404913902465,0.005980587475095424,0.12044,-0.04351150575630631,-0.05687367967423872,0.015437830632893553,0.05182581464217712,0.11539784789467208,-0.00036292353043091417,0.07325430490775883,0.21074298162180005,-0.00017669267405536252,0.0,0.0,0.0,4.007,18.373,18.59,-0.03712482,0.03524265,-0.00810052,-0.04415428,0.05834666,-0.00350143,0.0,0.0,0.0,0.0,10.6
0.0,0.0,0.0,1.0,4,-0.2997195192123252,1.0698022965846181,-0.11158967705574685,-0.014311469259474657,0.07140227273276298,-0.005495757758584567,0.08514,0.00028479210554909623,-0.027298042251437754,0.016392130638423295,0.07302948758624697,-0.07525395480961225,0.005226876513675818,0.03184283536640228,0.5147823819646039,-0.0017667580017539802,0.0,0.0,0.0,6.07,16.901,17.317,0.01396501,-0.05272719,-0.04856056,-0.00077659,0.03065989,0.00856354,0.0,0.0,0.0,0.0,10.6
0.0,0.0,0.0,1.0,7,-0.3274819036718837,-1.6320006129322593,1.4419318992782464,0.006768822854220546,-0.011533726855204353,0.002002873442412046,0.08202,0.01897831323103595,-0.04465397542009651,0.021578690703420875,0.013522400675493979,0.14811522676160316,0.00011909768775923001,0.05310173054042401,0.4063651124701852,0.0005276846480583619,0.0,0.0,0.0,5.913,19.898,18.158,0.00159269,0.0085513,0.01035345,0.00899174,0.04362291,0.02891339,0.0,0.0,0.0,0.0,10.6
0.0,0.0,0.0,1.0,7,-1.6708366588485977,-0.4749124245514853,1.3616578309010983,-0.0024137166721954375,0.006027469206425091,-0.0024943428210578962,0.08202,-0.048330515521210954,0.01304451312305003,0.01771428696922239,0.00695544098652271,-0.35861749469100357,4.523260557916077e-05,0.05310173270234598,0.33359150573329205,0.002942836155310826,0.0,0.0,0.0,5.346,19.229,16.615,-0.00086475,-0.00562928,-0.00399269,-0.01943293,0.01040873,-0.04830956,0.0,0.0,0.0,0.0,10.6
0.0,0.0,0.0,1.0,7,-1.5162652784679995,1.735651710496369,2.745634670738875,-0.011544904781415073,-0.001850465188182722,-0.0036618822494290095,0.07982,-0.035564731930630866,-0.005207753197837993,0.011889203097237977,0.012252282621344483,-0.2988734722009848,-0.00030846464763249797,0.037859265721281496,0.3140368116161008,0.0003564588294808248,0.0,0.0,0.0,7.109,18.551,14.81,-0.01112802,0.00071852,-0.00507635,-0.02065353,0.01752716,-0.02644909,0.0,0.0,0.0,0.0,10.6
0.0,0.0,0.0,1.0,7,-0.036060880818386654,2.204444568208886,1.8672695998620372,0.003813920797043835,0.0025883471576123,-0.0007479787219947106,0.07982,0.025399464627685726,0.014089009149120497,-0.024283551880662765,0.004669582960286711,-0.16018105435882116,-0.00010722118987811071,0.037859264046173687,-0.6414163743660259,-0.0021331369429287293,0.0,0.0,0.0,7.843,17.381,15.939,0.00330039,-0.00298225,0.00142078,0.00957523,-0.03065025,0.02005495,0.0,0.0,0.0,0.0,10.6
0.0,0.0,0.0,1.0,7,1.2536962166247034,2.2017593282996235,4.089015854293853,-0.015606196844928998,0.021972451776058152,0.004625555789170321,0.09822,0.04239923819762032,0.0071757743188487905,-0.019536635099259132,0.027344794447437343,0.16915672187851508,0.0026649125718220044,0.04723205741670799,-0.4136308297327779,-0.003525221728674054,0.0,0.0,0.13273228704929352,10.057,18.677,15.804,-8.619e-05,-0.01014479,-0.02539318,0.021884,-0.02521694,0.03340754,0.0,0.0,0.0,0.0,10.6
0.0,0.0,0.0,1.0,7,-0.27552610038188696,1.85750526758389,4.949041578821746,0.006514607125762631,0.02836585934111095,-0.009106124909442612,0.09822,-0.03803650354694428,-0.010979872357902563,0.02575916228776203,0.03049563235988229,-0.29860423295966576,0.0032755968673564557,0.0472320615772782,0.5453745067980248,-0.003192316647742659,0.0,0.0,0.08583354204893112,9.325,19.753,14.578,0.01029683,-0.02759869,-0.00789121,-0.01660273,0.03145438,-0.03107795,0.0,0.0,0.0,0.0,10.6
0.0,0.0,0.0,1.0,7,1.1029504026867132,0.05190895535590195,2.6773225187801124,0.006803898576783773,-0.003772101811895992,0.009039758740189405,0.08265,0.04914229531478221,-0.013478265225411368,0.015793288318785945,0.011926400379129488,0.7579620382364876,0.0009880180922283125,0.053348446820990957,0.2960402647106078,0.006078749777130578,0.0,0.0,0.0008848818833939731,8.304,19.292,17.589,0.00868107,0.00772522,0.0026831,0.0392826,0.01243036,0.03388835,0.0,0.0,0.0,0.0,10.6
0.0,0.0,0.0,1.0,7,-0.38201739178980243,-0.39637094260335903,3.5290318485711967,-0.0059323724294328625,-0.00773174752109838,0.014562771938507925,0.08265,-0.0016111091528545236,-0.02877584292407438,0.04489333275744169,0.01752276487614041,0.8310772895399111,0.002281096408657602,0.05334844079037175,0.8415116185653166,0.006627283201097183,0.0,0.0,0.0,7.559,20.43,16.457,0.00121378,0.01636319,-0.0061498,0.01382337,0.05130135,-0.00481062,0.0,0.0,0.0,0.0,10.6
0.0,0.0,0.0,1.0,7,0.2645176649751071,4.19654940697854,4.887639254251911,-0.007050532102889625,-0.009582013299897475,-0.022044640928897224,0.20727,0.03444362093751832,0.013850267208828546,0.06072589293009201,0.025049773961002123,-0.8800335269777948,0.005206993314094097,0.07117462326700719,0.8531958462538338,-0.014788991741463012,0.0,0.0,0.2663494348526001,10.576,17.943,13.616,-0.0215313,-0.00688088,0.01079573,0.06528278,0.02554552,-0.01230496,0.0,0.0,0.0,0.0,10.6
0.0,0.0,0.0,1.0,7,-1.1327909932270357,3.952248594257881,4.08865951319626,0.02588843419590298,-0.00174239702402907,-0.002838373732959743,0.20727,-0.07102411473003312,-0.004578819722492595,0.0006611903228310109,0.026101788022143236,-0.10874250187580378,0.005403970977357836,0.0711746277537087,0.009289691336623229,-0.014853984720037242,0.0,0.0,0.1557392179965973,9.015,17.804,13.175,0.01628142,-0.00484834,0.01981697,-0.05239605,0.01520974,-0.04570717,0.0,0.0,0.0,0.0,10.6
0.0,0.0,0.0,1.0,7,0.247320200303077,4.224128159125675,3.259533711100956,0.014566064424988,0.020396561851580744,-0.03380183915343276,0.20727,0.03287301252385178,0.015683065243930604,-0.061149277453839954,0.04208033149052893,-0.8032693174254244,-0.01667891819235903,0.07117462764894102,-0.8591443253549605,-0.028319563871711008,0.0,0.0,0.0008848818833939731,9.63,16.825,14.328,-0.00130384,-0.03987066,0.01339346,-0.00582447,-0.05793239,0.04093582,0.0,0.0,0.0,0.0,10.6
0.0,0.0,0.0,1.0,0,-0.5515569358664305,-0.7256729406037452,-1.1396950161219228,-0.04929135139933789,-0.035292501169159086,0.03891503250416469,-0.15418,0.06519031893529766,0.08624207990707625,0.21182579421240053,0.07203872372792497,0.5401960291681255,-0.009006917310399095,0.2378185045855318,0.8907035833126982,-0.06330792014224355,1.0,0.0,0.0,4.603,17.537,18.654,-0.02639875,0.05964383,-0.03058263,0.20281539,0.07072233,-0.10208776,0.5294117647058824,0.6666666666666666,0.6,0.16666666666666666,10.6
0.0,0.0,0.0,1.0,6,-0.14105880759353617,3.755460050267383,4.073475938758689,0.006836883536759406,0.013117176557663424,-0.0012080892606812048,0.1,0.03372332653049892,-0.11413741321685224,0.014079546261590511,0.014841252541544463,-0.08140076164727027,0.0018204968009010382,0.11984508947407649,0.11748121114829689,-0.019929819623630534,1.0,0.0,0.01025239285081625,9.643,17.775,13.967,0.00925031,-0.01134953,-0.00242543,-0.01146118,0.08611347,0.08255881,0.1764705882352941,0.06666666666666667,0.06666666666666667,0.0,10.6
0.0,0.0,0.0,1.0,3,2.153319130556122,1.0701582695942826,1.6653345369377348e-16,-0.023048695085295175,-0.0769732205028967,0.028077446969917527,-0.75149,0.044289331524555595,0.07140670153173051,4.974289892118594e-06,0.08511440564364531,0.32987890542843507,0.03540527190879877,0.08402655494114465,5.919902220914298e-05,-0.038214822978512815,0.0,1.0,0.04576022922992706,7.897,16.58,18.926,-0.02984658,0.07803585,0.01624961,0.05925294,-0.0584756,-0.01140856,0.47058823529411764,0.4666666666666667,0.6,0.0,10.6
