Residue Name_Aspartate,Residue Name_Glutamate,Residue Name_Histidine,Residue Name_Lysine,Residue Name_Cysteine,Residue Name_Tyrosine,atom_label,recalculated_x,recalculated_y,recalculated_z,Dipole_X,Dipole_Y,Dipole_Z,Perm_Charge,Perm_DipX,Perm_DipY,Perm_DipZ,Perm_QuadXX,Perm_QuadXY,Perm_QuadYY,Perm_QuadXZ,Perm_QuadYZ,Perm_QuadZZ,Number of H-Bonds as donor,Number of H-Bonds as acceptor,SASA_Value,is_protonated,pH,Radius_10A_N_Count,Radius_10A_CA_C_Count,Radius_10A_O_Count,Radius_10A_S_Count,Expt. pKa
1.0,0.0,0.0,0.0,0.0,0.0,2,1.5332295979402477,-1.1882855810441129e-16,0.0,-0.054949810630568995,-0.0811399706674442,-0.0014483658903052202,0.8101,-0.12012044,-0.03173441,0.01613329,0.00053915,0.08658149,-0.08712064,-0.00181584,-0.00848728,-0.02654951,0.0,0.0,0.0,0.0,8.55,0.775,0.8243243243243243,0.7837837837837838,0.2,1.36
1.0,0.0,0.0,0.0,0.0,0.0,1,0.0,0.0,0.0,-0.14497672546800358,0.06540194311649306,-0.028154064190589398,-0.17302,-0.03287902,-0.08635625,-0.09562455,-0.09507515,-0.0567395,0.15181465,0.02368348,-0.02840426,-0.03489574,0.0,0.0,0.0,0.0,8.55,0.7250000000000001,0.7837837837837838,0.7297297297297298,0.2,1.36
1.0,0.0,0.0,0.0,0.0,0.0,5,-0.5887441784405072,1.2981932790884894,-0.6538535787788291,-0.016381019733600892,0.05222419562721207,0.08294405228371568,-0.33682,0.09952177,-0.13923069,-0.12392344,0.02691931,0.1021406,-0.12905991,-0.13873588,-0.07306573,0.08124014,0.0,0.0,0.0,0.0,8.55,0.7000000000000001,0.7567567567567568,0.6756756756756757,0.2,1.36
1.0,0.0,0.0,0.0,0.0,0.0,5,-0.5124881498867464,1.3901793610354376,-2.157354685807772,-0.007229304179159228,0.03055820831330017,0.09985701710910626,1.01811,-0.00348996,-0.01281669,-0.08046777,0.0,0.0,0.0,0.0,0.0,0.0,0.0,0.0,0.0,0.0,8.55,0.7250000000000001,0.7027027027027027,0.7567567567567568,0.2,1.36
1.0,0.0,0.0,0.0,0.0,0.0,4,-0.6081007053689418,0.8094611394978268,1.8406303799982966,-0.004608842791381761,0.022784618049604723,0.015551548865664632,0.12044,-0.0575206,0.02915292,-0.0347517,0.01408059,0.00317258,-0.01725318,0.00115381,-0.02360696,0.01362804,0.0,0.0,0.0026546455919742584,0.0,8.55,0.0,0.0,0.0,0.0,1.36
1.0,0.0,0.0,0.0,0.0,0.0,4,-0.3462899494721901,-0.8964710249108272,-0.5697551863650556,-0.022617012159552245,-0.05971195562910065,-0.0540636381501419,0.08514,-0.02944595,0.01156728,-0.00361944,-0.00811279,0.00668247,0.00143032,-0.00194176,-0.00448112,0.00629975,0.0,0.0,0.0,0.0,8.55,0.0,0.0,0.0,0.0,1.36
1.0,0.0,0.0,0.0,0.0,0.0,7,-0.0804569649357934,2.1891582821615447,-0.2133136011529151,0.033203082668368945,0.015856579482529387,0.027459914985560056,0.04965,-0.07707519,-0.00798166,0.00257198,-0.0449774,0.01267443,0.03230297,-0.00803253,-0.01386307,0.00087441,0.0,0.0,0.0,0.0,8.55,0.0,0.0,0.0,0.0,1.36
1.0,0.0,0.0,0.0,0.0,0.0,7,-1.666033582596915,1.40201520345693,-0.3836267338637029,-0.023370610369208736,0.0017229243286906223,0.026434978558408914,0.04965,0.02311948,0.07372032,-0.00645839,0.00827523,-0.03660134,0.02832611,-0.01607874,0.00639376,0.02159528,0.0,0.0,0.0,0.0,8.55,0.0,0.0,0.0,0.0,1.36
1.0,0.0,0.0,0.0,0.0,0.0,0,-0.4906955885868041,-0.09978965804734206,1.3709229969215062,-0.022748926662293355,0.04963193755841204,-0.002794810955608008,-0.15418,-0.06978936,-0.01376704,0.22693072,-0.02027364,-0.24289544,0.26316908,-0.11358882,-0.0003616,-0.10395726,0.0,0.0,0.0,0.0,8.55,0.7250000000000001,0.7567567567567568,0.6486486486486487,0.2,1.36
1.0,0.0,0.0,0.0,0.0,0.0,3,2.1565869876514574,1.06541379974751,0.0,-0.02295438922342769,-0.04599504336519977,0.004574546968835099,-0.75149,-0.08277972,-0.01087477,0.009472,0.0614966,-0.13594194,0.07444534,0.05223551,-0.00626582,0.02706661,0.0,0.0,0.0011161031434312463,0.0,8.55,0.7250000000000001,0.7972972972972974,0.7567567567567568,0.2,1.36
1.0,0.0,0.0,0.0,0.0,0.0,8,-0.6475872898187454,2.5054840881769884,-2.711148499429189,-0.017016665452486902,0.054178304506409286,0.00866627711181851,-0.85879,-0.00843485,0.01633571,0.05993829,0.0,0.0,0.0,0.0,0.0,0.0,0.0,0.0,0.0,0.0,8.55,0.7000000000000001,0.6891891891891893,0.6486486486486487,0.30000000000000004,1.36
1.0,0.0,0.0,0.0,0.0,0.0,8,-0.3634452405227609,0.3361785594668598,-2.8181523261342956,-0.07032738147949745,0.010423545346339508,0.08039879087622612,-0.85879,0.01368491,0.00294483,0.0611118,0.0,0.0,0.0,0.0,0.0,0.0,0.0,2.0,0.0,0.0,8.55,0.7000000000000001,0.7027027027027027,0.6756756756756757,0.30000000000000004,1.36
