atom_i,atom_j,dx,dy,dz,distance
0,0,0.0,0.0,0.0,0.0
0,1,-1.536476814013151,5.551115123125783e-17,1.1102230246251565e-16,1.536476814013151
0,12,0.6197229865857596,1.0684930602943696,1.1102230246251565e-16,1.235206055684638
1,0,1.536476814013151,-5.551115123125783e-17,-1.1102230246251565e-16,1.536476814013151
1,1,0.0,0.0,0.0,0.0
1,2,-0.49640384615232525,0.26637503290079145,1.4537611782449975,1.559100381630382
1,6,-0.2594474556103418,0.8858078608317428,-0.6318120380825388,1.1185504011889675
1,11,-0.6373718048124213,-1.166861150424879,-0.6100837959323923,1.462877301758419
2,1,0.49640384615232525,-0.26637503290079145,-1.4537611782449975,1.559100381630382
2,2,0.0,0.0,0.0,0.0
2,4,-1.4866283559684423,0.4051292243157696,0.11000201287189815,1.544763412306234
2,7,0.6154944815144532,0.8202467140473075,0.44298856793358166,1.117084150814072
2,8,0.20071373494696843,-0.894243445069151,0.6363054750310528,1.1157248764816527
3,3,0.0,0.0,0.0,0.0
3,4,0.4730979298681277,-0.26697474475578487,-1.4058918288463984,1.5071924230170464
3,13,0.7923783742756692,-0.009768984937732705,0.9662810558598016,1.249663154614074
3,14,-1.2096166912832396,0.24082259221706437,0.22258917145010093,1.2532812932458544
4,2,1.4866283559684423,-0.4051292243157696,-0.11000201287189815,1.544763412306234
4,3,-0.4730979298681277,0.26697474475578487,1.4058918288463984,1.5071924230170464
4,4,0.0,0.0,0.0,0.0
4,9,-0.6458932480783333,-0.7871554234087454,-0.4503967711751742,1.113395257758898
4,10,-0.17601632353541175,0.921275390818183,-0.6043475060938718,1.1157804443527413
5,5,0.0,0.0,0.0,0.0
5,11,0.5554707967058834,0.5844427091854174,-0.6393808831103271,1.0290427590727225
6,1,0.2594474556103418,-0.8858078608317428,0.6318120380825388,1.1185504011889675
6,6,0.0,0.0,0.0,0.0
7,2,-0.6154944815144532,-0.8202467140473075,-0.44298856793358166,1.117084150814072
7,7,0.0,0.0,0.0,0.0
7,8,-0.41478074656748476,-1.7144901591164585,0.19331690709747118,1.7745114820704857
8,2,-0.20071373494696843,0.894243445069151,-0.6363054750310528,1.1157248764816527
8,7,0.41478074656748476,1.7144901591164585,-0.19331690709747118,1.7745114820704857
8,8,0.0,0.0,0.0,0.0
9,4,0.6458932480783333,0.7871554234087454,0.4503967711751742,1.113395257758898
9,9,0.0,0.0,0.0,0.0
9,10,0.4698769245429215,1.7084308142269284,-0.1539507349186976,1.7785446297464698
10,4,0.17601632353541175,-0.921275390818183,0.6043475060938718,1.1157804443527413
10,9,-0.4698769245429215,-1.7084308142269284,0.1539507349186976,1.7785446297464698
10,10,0.0,0.0,0.0,0.0
11,1,0.6373718048124213,1.166861150424879,0.6100837959323923,1.462877301758419
11,5,-0.5554707967058834,-0.5844427091854174,0.6393808831103271,1.0290427590727225
11,11,0.0,0.0,0.0,0.0
12,0,-0.6197229865857596,-1.0684930602943696,-1.1102230246251565e-16,1.235206055684638
12,12,0.0,0.0,0.0,0.0
13,3,-0.7923783742756692,0.009768984937732705,-0.9662810558598016,1.249663154614074
13,13,0.0,0.0,0.0,0.0
14,3,1.2096166912832396,-0.24082259221706437,-0.22258917145010093,1.2532812932458544
14,14,0.0,0.0,0.0,0.0
