Residue Name_Aspartate,Residue Name_Glutamate,Residue Name_Histidine,Residue Name_Lysine,Residue Name_Cysteine,Residue Name_Tyrosine,atom_label,recalculated_x,recalculated_y,recalculated_z,Dipole_X,Dipole_Y,Dipole_Z,Perm_Charge,Perm_DipX,Perm_DipY,Perm_DipZ,Perm_QuadXX,Perm_QuadXY,Perm_QuadYY,Perm_QuadXZ,Perm_QuadYZ,Perm_QuadZZ,Number of H-Bonds as donor,Number of H-Bonds as acceptor,SASA_Value,is_protonated,pH,Radius_9A_N_Count,Radius_9A_CA_C_Count,Radius_9A_O_Count,Radius_9A_S_Count,Expt. pKa
0.0,1.0,0.0,0.0,0.0,0.0,2,1.5325146002567158,1.1102230246251565e-16,6.938893903907228e-17,-0.07587611253460258,-0.06298295920868183,0.017209937042570768,0.8101,0.04211382,0.03113253,-0.1138133,-0.04497199,0.04516053,-0.00018855,0.07678199,-0.00864378,0.01795411,0.0,0.0,0.0,0.0,6.45,0.4838709677419355,0.5087719298245614,0.4666666666666667,0.1,3.6
0.0,1.0,0.0,0.0,0.0,0.0,1,0.0,0.0,0.0,-0.15163547111464573,0.016481545950615586,0.028870876974897892,-0.17302,0.10143939,0.04182763,0.0751198,-0.0568322,-0.0304792,0.0873114,-0.00851527,0.07006,-0.09678119,0.0,0.0,0.0,0.0,6.45,0.3548387096774194,0.40350877192982454,0.4,0.1,3.6
0.0,1.0,0.0,0.0,0.0,0.0,5,-0.4823079661858905,-0.13201924290806158,1.480064844949576,-0.08511013785979654,0.0011588166456459274,0.061775388237387104,-0.10324,0.15993058,-0.09499372,0.00659057,0.13771429,0.06555095,-0.20326524,0.01982645,-0.0105062,-0.03045907,0.0,0.0,0.0,0.0,6.45,0.4193548387096774,0.5263157894736842,0.43333333333333335,0.1,3.6
0.0,1.0,0.0,0.0,0.0,0.0,5,-2.932191966880617,-1.0224595934061822,1.3692029247750113,0.07282254526730471,0.09443128549073393,0.03785687459496713,1.05691,-0.00070176,-0.00179978,0.00416146,0.0,0.0,0.0,0.0,0.0,0.0,0.0,0.0,0.0012579461326822639,0.0,6.45,0.3548387096774194,0.3157894736842105,0.26666666666666666,0.1,3.6
0.0,1.0,0.0,0.0,0.0,0.0,5,-1.9830414662874483,0.08957051166409336,1.7434332985304484,0.15547662606286872,0.08524197446575654,0.05488219062560837,-0.35416,0.05201758,0.07053186,-0.05058418,0.03596359,0.05213232,-0.08809592,0.05394964,-0.02378134,-0.00371438,0.0,0.0,0.0,0.0,6.45,0.3870967741935484,0.42105263157894735,0.3333333333333333,0.1,3.6
0.0,1.0,0.0,0.0,0.0,0.0,4,-1.1896800198148785,-1.6715786825572432,-0.46666921740506606,-0.05152058742329364,-0.03796019462540366,0.03892781394320818,0.12044,-0.04869339,-0.0040457,0.0545782,0.02305371,0.00586039,-0.0289141,-0.00954756,0.01094976,0.00923954,0.0,0.0,0.0,0.0,6.45,0.0,0.0,0.0,0.0,3.6
0.0,1.0,0.0,0.0,0.0,0.0,4,-0.28346614115599844,1.0144489137435588,-0.3753776075136148,-0.0052365163037635595,0.06878736398169846,-0.02124957061927498,0.08514,-0.01928259,0.01920756,0.01652929,0.0100587,-0.00542379,-0.0046349,0.00135554,0.00526142,-0.00377338,0.0,0.0,0.0017697637667879462,0.0,6.45,0.0,0.0,0.0,0.0,3.6
0.0,1.0,0.0,0.0,0.0,0.0,7,0.0737304558019043,0.6246274729082643,2.084515852656315,0.019036355924513266,-0.00045833608435669713,0.000999816009236357,0.06492,-0.02326612,0.02814973,-0.07014164,0.03563686,-0.0084282,-0.02720867,-0.00343144,0.00714263,0.05240836,0.0,0.0,0.0,0.0,6.45,0.0,0.0,0.0,0.0,3.6
0.0,1.0,0.0,0.0,0.0,0.0,7,-0.1749118735672062,-1.1160874928092097,1.9048122072477551,0.006995192566651062,-0.009448168320080753,0.005363775214649866,0.06492,-0.02284977,0.04856816,0.05807402,0.03551439,-0.04024568,0.00473129,-0.00648717,-0.00642647,-0.04811471,0.0,0.0,0.0,0.0,6.45,0.0,0.0,0.0,0.0,3.6
0.0,1.0,0.0,0.0,0.0,0.0,7,-2.3106096342617746,1.0280944240521714,1.23734836375594,0.0007340757143922527,0.034112395294158215,-0.0036590832037728662,0.0642,0.00975816,-0.06313363,-0.00283873,-0.03133752,0.00367798,0.02765955,0.01463174,0.00247202,-0.09549159,0.0,0.0,0.0035395275335758924,0.0,6.45,0.0,0.0,0.0,0.0,3.6
0.0,1.0,0.0,0.0,0.0,0.0,7,-2.1179876520956338,0.27525206798617247,2.835946862097341,0.011252459224278404,0.016065227290667474,0.03362361559827921,0.0642,-0.06092176,0.00504378,0.01876792,-0.04954014,-0.0217723,0.07131243,0.03394142,-0.06369796,-0.03166766,0.0,0.0,0.0,0.0,6.45,0.0,0.0,0.0,0.0,3.6
0.0,1.0,0.0,0.0,0.0,0.0,0,-0.5795311834883825,-0.9733585605934483,-0.9121083926178962,-0.055126598262651566,-0.0321255735751716,0.02011746294050166,-0.15418,-0.11686282,0.10382404,-0.17922413,-0.0022292,-0.20539263,0.20762183,-0.09966776,-1.729e-05,-0.18830992,1.0,0.0,0.0,0.0,6.45,0.29032258064516125,0.2982456140350877,0.23333333333333334,0.1,3.6
0.0,1.0,0.0,0.0,0.0,0.0,3,2.1392057207486532,1.0722909513356154,1.6653345369377348e-16,-0.047746125366598696,-0.06784532704633434,0.02319028789636685,-0.75149,0.02363845,0.01181928,-0.07976208,0.0371415,-0.08381544,0.04667394,-0.08103521,-0.03275682,-0.06686766,0.0,1.0,0.0,0.0,6.45,0.4838709677419355,0.5614035087719298,0.5,0.1,3.6
0.0,1.0,0.0,0.0,0.0,0.0,8,-4.161350892795225,-0.8173018367807168,1.5189481408617107,0.04101243894803448,0.037960301436666476,-0.08171213262655408,-0.89737,-0.03443101,-0.03871092,-0.01621048,0.0,0.0,0.0,0.0,0.0,0.0,0.0,2.0,0.17299598455429077,0.0,6.45,0.22580645161290322,0.21052631578947367,0.13333333333333333,0.1,3.6
0.0,1.0,0.0,0.0,0.0,0.0,8,-2.482174720790776,-2.1132703158262847,0.9449890093089468,0.006361508691902118,-0.021470453105692115,0.051223993822879815,-0.89737,0.03267245,0.03420081,0.02663878,0.0,0.0,0.0,0.0,0.0,0.0,0.0,1.0,0.04017971456050873,0.0,6.45,0.22580645161290322,0.2631578947368421,0.2,0.1,3.6
