Residue Name_Aspartate,Residue Name_Glutamate,Residue Name_Histidine,Residue Name_Lysine,atom_label,recalculated_x,recalculated_y,recalculated_z,Dipole_X,Dipole_Y,Dipole_Z,atomic_charge,PermDipole_X,PermDipole_Y,PermDipole_Z,Dipole_norm,Dipole_align_z,Dipole_field_proj,PermDipole_norm,PermDipole_align_z,PermDipole_field_proj,Number of H-Bonds as donor,Number of H-Bonds as acceptor,SASA_Value,x_lab,y_lab,z_lab,Dipole_lab_X,Dipole_lab_Y,Dipole_lab_Z,PermDipole_lab_X,PermDipole_lab_Y,PermDipole_lab_Z,Radius_10A_N_Count,Radius_10A_CA_C_Count,Radius_10A_O_Count,Radius_10A_S_Count,Expt.pKa
0.0,0.0,1.0,0.0,2,1.5440427455222836,0.0,5.421010862427522e-18,-0.06646762401988102,-0.057571354592192134,-0.0023327135065447477,0.8101,0.07801257696350587,0.09803219570299417,2.0663395859607106e-05,0.08796503546712069,-0.02651864452912842,0.03684937304431289,0.12528477156387763,0.00016493142463904064,-0.054599746940184365,0.0,0.0,0.0,-5.878,25.838,20.26,0.00949791,-0.07021641,0.05212766,-0.01879345,0.11125113,-0.05446344,0.25,0.3287671232876712,0.38888888888888884,0.1,5.18
0.0,0.0,1.0,0.0,1,0.0,0.0,0.0,-0.1130325632798233,0.02151505319356162,-0.000293272569557807,-0.17302,0.05851867007052074,-0.1192734124347893,0.00564841673108429,0.11506234781338812,-0.0025488144048081314,-0.019856495241037914,0.1329755100468872,0.04247712025389229,0.009221094455381135,0.0,0.0,0.0,-5.822,25.502,21.766,0.00030227,-0.00395641,0.11499391,0.02289455,-0.10101987,-0.08338652,0.30000000000000004,0.2876712328767123,0.38888888888888884,0.1,5.18
0.0,0.0,1.0,0.0,5,-0.5170232510175525,0.9066348302161753,1.1593663107690038,-0.06154001848430584,0.06277738955283378,0.021110931462793255,-0.10044,0.01602667000752571,-0.09862778053094168,-0.14031596005713812,0.0904093244159235,0.2335039178666294,0.008366306832797633,0.1722581257611556,-0.8145680178344278,-0.016440206603277694,0.0,0.0,0.0,-4.808,26.455,22.471,0.01281026,0.05050356,0.07388595,-0.12284431,-0.1147944,-0.0374751,0.35000000000000003,0.4246575342465753,0.4722222222222222,0.1,5.18
0.0,0.0,1.0,0.0,5,-3.038505257451942,0.8078295952562742,1.8880432054020897,-0.020550789200636136,0.013425052434957658,-0.019438594350349895,0.04476,-0.15671362692627436,0.017752685802903703,0.008019388068006244,0.03131175370316712,-0.6208082285849009,0.000932183370334917,0.15791969257375532,0.05078143160809942,-0.002200900975108125,0.0,0.0,0.0,-3.982,25.933,24.909,-0.02060914,0.00519099,0.02299441,0.01069585,-0.01569138,0.15677375,0.4,0.4383561643835616,0.5277777777777778,0.1,5.18
0.0,0.0,1.0,0.0,5,-3.8747385830800125,2.0740860013196305,0.2674119891124202,0.004415541033285199,-0.003985424730009705,0.004246795225743969,0.39335,0.09209851805747643,-0.09231378267135737,0.11294429426880577,0.007308617009024347,0.5810668722277031,-0.0003692262230891227,0.17251198540204823,0.654704042768873,-0.0087075240144782,0.0,0.0,0.02264302968978882,-5.756,26.698,26.003,0.00467682,-0.00216229,-0.00518341,0.12306924,-0.04986483,-0.1101265,0.325,0.3698630136986301,0.3611111111111111,0.1,5.18
0.0,0.0,1.0,0.0,5,-1.9886819901228443,1.2177545998876067,1.0998848469788254,-0.03816572646767402,0.007354157022353442,-0.024950557636887725,0.16205,0.1554782029423647,0.015895174498854796,-0.06641135371988446,0.04618697466501135,-0.5402076628281276,0.003385776199324875,0.1698134154460236,-0.39108425883462544,-0.015326779697844215,0.0,0.0,0.0,-4.864,26.424,23.975,-0.02441492,-0.0054009,0.0388327,-0.07370901,0.03802594,-0.14818099,0.4,0.3972602739726027,0.4444444444444444,0.1,5.18
0.0,0.0,1.0,0.0,4,-0.5830045849511203,-1.7643188723926546,0.9728461185845776,-0.0145016994153397,-0.02039529501147354,0.03967635847761232,0.12044,0.005322524939048914,-0.0351793391881859,0.06403341597908369,0.046909282307256626,0.8458103924449636,-0.0006104834167243387,0.07325430730949954,0.8741249263137854,-0.0008900011880376124,0.0,0.0,0.0,-4.554,23.841,21.946,0.04297039,-0.01614117,0.00966897,0.06867683,-0.02197556,-0.01291361,0.0,0.0,0.0,0.0,5.18
0.0,0.0,1.0,0.0,4,-0.25467559181270283,0.48587198076618426,-0.9747080389743359,-0.013688170007787446,0.02904710856129634,-0.07913950566304653,0.08514,-0.00021380408085031662,-0.00042281901956566924,0.031839310557997415,0.08540586555105685,-0.9266284599122269,0.0016327719222048276,0.031842835692144314,0.9998892958472358,-0.0004551419686522128,0.0,0.0,0.05132314935326576,-6.853,25.751,22.121,-0.0822674,0.01173486,0.01971116,0.03146868,0.00486521,0.00013452,0.0,0.0,0.0,0.0,5.18
0.0,0.0,1.0,0.0,7,0.03520627920285635,1.8749987578516034,1.1450887196892856,-0.0021753522625851092,-0.009322806469043854,-0.013087428820185425,0.11241,0.03687261194361696,0.06566945300966072,-0.0009748728755588439,0.016215044589793764,-0.8071164249787536,-0.00011083057177843284,0.07531943273323359,-0.0129431786749065,-0.002056355657723109,0.0,0.0,0.048668503761291504,-5.0,27.504,22.146,-0.01130455,-0.01162461,5.712e-05,-0.01300608,0.07101116,-0.02147729,0.0,0.0,0.0,0.0,5.18
0.0,0.0,1.0,0.0,7,-0.2850154254318513,0.4474270748321701,2.147792638960528,-0.016251099545506596,0.00514723592432315,-0.012326379881161073,0.11241,0.015189013651346112,-0.030987213891130502,0.06694851167560897,0.02103644254795235,-0.5859536303756312,0.0003179554133769806,0.07531943159646519,0.8888610848033924,-0.0005271860486887992,0.0,0.0,0.0,-3.767,26.229,22.144,-0.01240307,-0.0006456,0.01697878,0.07050959,-0.01531028,-0.02161041,0.0,0.0,0.0,0.0,5.18
0.0,0.0,1.0,0.0,7,-2.0250346106463195,2.4444092324265574,-0.6702942116058733,-0.010490837981639415,-0.0022404639354492734,0.009341290332451027,0.20247,0.015620681312058897,0.03869663739941503,-0.05953239619987331,0.014224523376134612,0.6567032219950163,0.00043867182950679015,0.07270173057069138,-0.8188580345001154,-0.0007621856594859092,0.0,0.0,0.2097170054912567,-6.808,27.3,24.28,0.00995585,-0.00287709,0.00974374,-0.06557213,0.03066722,-0.00673491,0.0,0.0,0.0,0.0,5.18
0.0,0.0,1.0,0.0,7,-3.02958192936407,0.16948997239398716,2.7615561704460383,-0.0022635725274676682,0.0013481633679005654,-0.009606663243335048,0.08897,-0.002255983877455339,-0.06591760326981842,0.0907525949761597,0.009961389648261935,-0.9643898675333136,0.001086326268939956,0.11218847257628299,0.8089297669549081,-0.012720509853118015,0.0,0.0,0.0,-3.017,25.467,24.76,-0.00960942,-0.0008008,0.00249941,0.10030744,-0.04872067,-0.01228687,0.0,0.0,0.0,0.0,5.18
0.0,0.0,1.0,0.0,7,-4.567499196801352,2.612076102266237,-0.35879036105874906,0.009012987095310383,-0.00781557477392792,0.010341254620074396,0.09278,-0.07807548668558531,0.06310010071575596,-0.07402226992699865,0.0157879286970869,0.6550102181537283,0.005730116138106854,0.1247265039062468,-0.5934766678190465,-0.04561432319808768,0.0,0.0,0.2247599959373474,-6.436,26.96,26.797,0.01114343,-0.00382705,-0.01050887,-0.08043927,0.03132486,0.09002765,0.0,0.0,0.0,0.0,5.18
0.0,0.0,1.0,0.0,7,-5.134414848935002,1.2376426549190993,1.736987857689443,0.013198425859063032,0.009057051385677858,-0.010415052142870298,0.14211,-0.12009916847041296,-0.01871821804343317,0.052241115373195854,0.019097170892535365,-0.5453714689719458,0.00040703603442141873,0.13230009859951616,0.39486830264075784,-0.002147509953903694,0.0,0.0,0.0008848818833939731,-4.125,25.865,27.048,-0.01222419,0.00984201,-0.01088145,0.05891502,-0.03540878,0.11304227,0.0,0.0,0.0,0.0,5.18
0.0,0.0,1.0,0.0,0,-0.676222211482121,-1.2945733025899122,0.06023690662437439,-0.012196249770034738,-0.0025488669783670388,0.05111741587052028,-0.15418,0.12213356442810906,0.20093574114896648,0.035578966142864314,0.05261402319350042,0.9715549727593341,-0.003293098958923475,0.2378185074017466,0.14960553966794854,-0.0649591634872128,1.0,0.0,0.0,-5.527,24.12,22.14,0.05125718,0.00343337,0.01136437,-0.00211364,0.22574765,-0.07477415,0.25,0.3013698630136986,0.3611111111111111,0.2,5.18
0.0,0.0,1.0,0.0,6,-2.5381978649006456,1.9911908077573213,0.09900386717987665,-0.022864412829489523,0.004832661829563484,-0.0019678036181121203,-0.106,-0.0036677792738726775,-0.045268958897092725,0.06636002822826992,0.02345225459259088,-0.08390679925220476,0.003106456113864349,0.08041383333037483,0.8252314991082965,-0.002727681343756853,0.0,0.0,0.0022783095482736826,-5.957,26.881,24.681,-0.00189888,-0.00065697,0.02336602,0.07294196,-0.03324586,-0.00636929,0.325,0.3561643835616438,0.3333333333333333,0.1,5.18
0.0,0.0,1.0,0.0,6,-4.183044814484882,1.3561971813656892,1.3656054647177291,-0.0022367319881625054,0.016956107386971016,-0.01526138598451457,-0.08186,0.008166831129882039,-0.027477991966129964,0.03747436954879144,0.022922095233064974,-0.6657936732807966,0.0029828000485452202,0.04718119907626448,0.7942648826753479,-0.006505300464114386,0.0,0.0,0.0,-4.545,26.124,26.146,-0.01773059,0.01326966,0.0059131,0.04113204,-0.01838705,-0.0140049,0.375,0.3972602739726027,0.4722222222222222,0.1,5.18
0.0,0.0,1.0,0.0,3,2.152081611494503,1.0790818956257275,-1.0842021724855044e-18,-0.024007395823398267,-0.04715002236145532,-0.0004295107888561463,-0.75149,0.04351853410461837,0.07187905827043616,1.290595649839912e-05,0.052911852570334365,-0.008117477804905971,0.027585860764878296,0.0840265552966638,0.0001535937829753154,-0.04393794141013764,0.0,0.0,0.1629510521888733,-6.076,27.008,19.905,0.00813518,-0.05063718,0.0130138,-0.01328571,0.07859376,-0.02658896,0.275,0.3013698630136986,0.38888888888888884,0.1,5.18
