Residue Name_Aspartate,Residue Name_Glutamate,Residue Name_Histidine,Residue Name_Lysine,atom_label,recalculated_x,recalculated_y,recalculated_z,Dipole_X,Dipole_Y,Dipole_Z,atomic_charge,PermDipole_X,PermDipole_Y,PermDipole_Z,Dipole_norm,Dipole_align_z,Dipole_field_proj,PermDipole_norm,PermDipole_align_z,PermDipole_field_proj,Number of H-Bonds as donor,Number of H-Bonds as acceptor,SASA_Value,x_lab,y_lab,z_lab,Dipole_lab_X,Dipole_lab_Y,Dipole_lab_Z,PermDipole_lab_X,PermDipole_lab_Y,PermDipole_lab_Z,Radius_9A_N_Count,Radius_9A_CA_C_Count,Radius_9A_O_Count,Radius_9A_S_Count,Expt.pKa
1.0,0.0,0.0,0.0,2,1.547961562830291,-9.71445146547012e-17,-6.245004513516506e-17,-0.07845282743193915,-0.07503385078186751,-0.016590234669760343,0.8101,0.0789620889400599,0.09726902070496546,1.3812819206850124e-05,0.10981876334041875,-0.15106921772860935,0.047322737305006295,0.12528477189776457,0.00011025138169323339,-0.05367431754692419,0.0,0.0,0.0,43.257,28.393,48.889,-0.09534806,0.02908332,0.04607677,0.09650907,-0.03073032,-0.07374226,0.3333333333333333,0.375,0.36666666666666664,0.1111111111111111,3.58
1.0,0.0,0.0,0.0,1,0.0,0.0,0.0,-0.16753344139620086,0.06172660620408531,0.03486590737133065,-0.17302,0.0677514736530305,-0.11271714410292054,0.01967409003639716,0.18191552818919746,0.19165987487923014,-0.048048444927279416,0.13297551118772244,0.14795273100039533,0.017361102470333935,0.0,0.0,0.0,42.317,29.62,48.805,-0.04937225,0.17093979,-0.03788441,-0.00295795,-0.080497,0.10580156,0.26666666666666666,0.2857142857142857,0.26666666666666666,0.1111111111111111,3.58
1.0,0.0,0.0,0.0,5,-0.5267288410632147,1.0207685766216088,1.0504771491917801,-0.042814261892151574,0.08800586553781642,-0.0929743265257729,-0.33682,0.05197454763211121,-0.10306236640437884,-0.17698468698357006,0.13499006920270468,-0.6887493804167191,-0.014584044123700731,0.2112978570575322,-0.8376075812987572,-0.02985014515958218,0.0,0.0,0.0075476765632629395,43.156,30.912,48.582,-0.0395437,0.01494289,-0.12820033,-0.12928368,-0.1659635,-0.01971373,0.23333333333333334,0.25,0.26666666666666666,0.1111111111111111,3.58
1.0,0.0,0.0,0.0,5,-0.32728073626951265,0.6972970898153455,2.516699046012837,-0.019401016492353783,0.051905765384360425,-0.0869523750826862,1.01811,-0.00685623821989155,0.01845164580449027,-0.07914567957975997,0.10310830933340437,-0.8433110352098067,0.03798104869837919,0.08155678899738697,-0.9704364351850066,0.03236861747433963,0.0,0.0,0.03396454453468323,44.022,31.402,49.724,-0.03962252,-0.01234045,-0.09438799,-0.04387727,-0.02922455,-0.06222717,0.23333333333333334,0.26785714285714285,0.23333333333333334,0.1111111111111111,3.58
1.0,0.0,0.0,0.0,4,-0.4075508172480084,-1.6358829687245988,1.1971542273229798,0.006070687835955159,0.009703291681335192,0.06837934753312229,0.12044,0.010455651973946671,-0.02444204783727271,0.06826023145057142,0.06933067350971142,0.9862784258621708,-0.006712870876276953,0.07325430743898546,0.93182549718904,-0.0020712623542774476,0.0,0.0,0.0,41.993,30.023,50.807,0.05079829,0.03353031,0.0331963,0.03634415,0.01881185,0.06075698,0.0,0.0,0.0,0.0,3.58
1.0,0.0,0.0,0.0,4,-0.2854806027560567,0.34810320746715184,-1.021427913462875,-0.014064316416354684,0.025016996110428187,-0.08754353147812621,0.08514,0.00025568470141877,0.003657583680310012,0.031631042888268644,0.09212776451380007,-0.9502404833128545,0.014921230209565775,0.03184283541465019,0.9933488169748821,-0.005175137677484036,0.0,0.0,0.0318557471036911,41.686,29.435,47.903,-0.05016847,-0.02567978,-0.07287797,0.02153358,0.01726165,0.01588416,0.0,0.0,0.0,0.0,3.58
1.0,0.0,0.0,0.0,7,-1.6231481842520805,1.1645584163348435,0.8887517464977814,-0.02975560910296956,0.0016695196513594416,-0.02540244055439752,0.04965,-0.07615355515964055,0.004799848441258137,0.01372968581718598,0.03915951423440669,-0.6486914112963689,0.00698253435900628,0.07753003792821271,0.1770885992587633,0.015798971953322048,0.0,0.0,0.21502630412578583,42.462,31.745,48.311,-0.03293825,0.01106919,-0.01805581,-0.03536149,0.06899594,0.00017908,0.0,0.0,0.0,0.0,3.58
1.0,0.0,0.0,0.0,7,-0.070355752116275,2.0170959040137215,0.8394618407975469,0.021348857163853867,0.022738981434674444,-0.029949155624339335,0.04965,0.037010865408859506,0.06735401149734731,0.0102244953313987,0.04324103261371079,-0.6926096305767478,0.006821943064636225,0.07753004145413118,0.13187785198654617,0.012963970910421965,0.0,0.0,0.08583354204893112,43.8,30.768,47.682,0.005801,-0.0248777,-0.0348889,0.06241414,-0.00202266,-0.04594879,0.0,0.0,0.0,0.0,3.58
1.0,0.0,0.0,0.0,0,-0.5701704882040117,-1.321005593622451,0.23069208048692613,-0.0031604766471429015,-0.003816221204702496,0.050969033849841056,-0.15418,0.10664363852689376,0.21240443213779814,0.008314347345235729,0.05120932110960465,0.9953077436967129,-0.005819037102378364,0.23781849549985068,0.03496089455851826,-0.07320620756981573,1.0,0.0,0.005695773754268885,41.454,29.758,49.971,0.02768239,0.02746683,0.03319116,0.17591826,-0.01070068,-0.15967435,0.3,0.2857142857142857,0.23333333333333334,0.1111111111111111,3.58
1.0,0.0,0.0,0.0,3,2.1664685225570177,1.072669632631414,-5.551115123125783e-17,-0.04575246327854991,-0.08617594474154291,0.012144433483550592,-0.75149,0.044215379970325173,0.07145251330866095,1.3471042974548542e-05,0.09832125209123865,0.12351788881086447,0.05093557001402252,0.08402655333591638,0.00016031888063639598,-0.0445755237910036,0.0,1.0,0.0,44.168,28.254,48.062,-0.06328993,0.01429164,0.07387288,0.06252288,-0.01164236,-0.05491636,0.36666666666666664,0.46428571428571425,0.4,0.1111111111111111,3.58
1.0,0.0,0.0,0.0,8,-0.07491142079004492,-0.49161526423070456,2.842157404334001,0.002697715867288318,0.07769375474559949,-0.01497396733842496,-0.85879,0.007559930162996628,-0.026425908535626354,0.05634820177731606,0.07916954525082356,-0.1891379733328605,0.031743148243231455,0.06269450557696266,0.8987741630427887,-0.021472017718728437,0.0,2.0,0.02232206240296364,43.783,30.98,50.885,0.03116206,0.01560319,-0.07108645,0.0262321,0.01433163,0.05510973,0.26666666666666666,0.26785714285714285,0.23333333333333334,0.1111111111111111,3.58
1.0,0.0,0.0,0.0,8,-0.4767443958044259,1.6075664625515511,3.363438842843517,-0.013879361475046977,0.07055639693389737,0.010166815360052595,-0.85879,0.0027461167525553508,-0.0013099154585283074,0.0626206320177507,0.0726237286140976,0.13999302368618713,-0.025732684738742927,0.06269450207179016,0.9988217459011818,-0.021761378025178187,0.0,0.0,0.4620667099952698,44.909,32.254,49.489,0.03307382,0.03933476,-0.05131379,0.03972258,0.02959762,0.03842783,0.23333333333333334,0.21428571428571427,0.2,0.0,3.58
